json_file,status,stage,dataset,group,contamination,n_rows,n_devices,n_features,threshold,n_top_anomalies,n_top_anomaly_days,top_score,median_score,runtime_sec,ranked_csv,top_csv,device_csv,error
C:\Users\ivan\WORK\workshops\ICDM\Ablation\kkt_anomaly_outputs\results_json\agg__agg_kkt_47_11_all_numeric_contam_0.01.json,ok,agg_kkt_level,agg_kkt_47_11,all_numeric,0.01,34443,,150,0.9998876889968978,345.0,,1.0,0.15977277936290846,21.924367427825928,C:\Users\ivan\WORK\workshops\ICDM\Ablation\kkt_anomaly_outputs\results_csv\agg__agg_kkt_47_11_all_numeric_contam_0.01__ranked.csv,C:\Users\ivan\WORK\workshops\ICDM\Ablation\kkt_anomaly_outputs\results_csv\agg__agg_kkt_47_11_all_numeric_contam_0.01__top_anomalies.csv,,
C:\Users\ivan\WORK\workshops\ICDM\Ablation\kkt_anomaly_outputs\results_json\agg__agg_kkt_47_11_all_numeric_contam_0.03.json,ok,agg_kkt_level,agg_kkt_47_11,all_numeric,0.03,34443,,150,0.6489530147352982,1034.0,,1.0,0.15977277936290846,18.555602073669434,C:\Users\ivan\WORK\workshops\ICDM\Ablation\kkt_anomaly_outputs\results_csv\agg__agg_kkt_47_11_all_numeric_contam_0.03__ranked.csv,C:\Users\ivan\WORK\workshops\ICDM\Ablation\kkt_anomaly_outputs\results_csv\agg__agg_kkt_47_11_all_numeric_contam_0.03__top_anomalies.csv,,
C:\Users\ivan\WORK\workshops\ICDM\Ablation\kkt_anomaly_outputs\results_json\agg__agg_kkt_47_11_all_numeric_contam_0.05.json,ok,agg_kkt_level,agg_kkt_47_11,all_numeric,0.05,34443,,150,0.5141843322311243,1723.0,,1.0,0.15977277936290848,19.88470149040222,C:\Users\ivan\WORK\workshops\ICDM\Ablation\kkt_anomaly_outputs\results_csv\agg__agg_kkt_47_11_all_numeric_contam_0.05__ranked.csv,C:\Users\ivan\WORK\workshops\ICDM\Ablation\kkt_anomaly_outputs\results_csv\agg__agg_kkt_47_11_all_numeric_contam_0.05__top_anomalies.csv,,
C:\Users\ivan\WORK\workshops\ICDM\Ablation\kkt_anomaly_outputs\results_json\agg__agg_kkt_47_11_bills_contam_0.01.json,ok,agg_kkt_level,agg_kkt_47_11,bills,0.01,34443,,11,0.9999531873006785,345.0,,1.0,0.1583436768859586,24.62763214111328,C:\Users\ivan\WORK\workshops\ICDM\Ablation\kkt_anomaly_outputs\results_csv\agg__agg_kkt_47_11_bills_contam_0.01__ranked.csv,C:\Users\ivan\WORK\workshops\ICDM\Ablation\kkt_anomaly_outputs\results_csv\agg__agg_kkt_47_11_bills_contam_0.01__top_anomalies.csv,,
C:\Users\ivan\WORK\workshops\ICDM\Ablation\kkt_anomaly_outputs\results_json\agg__agg_kkt_47_11_bills_contam_0.03.json,ok,agg_kkt_level,agg_kkt_47_11,bills,0.03,34443,,11,0.8859327189607115,1034.0,,1.0,0.1583436768859585,26.645548820495605,C:\Users\ivan\WORK\workshops\ICDM\Ablation\kkt_anomaly_outputs\results_csv\agg__agg_kkt_47_11_bills_contam_0.03__ranked.csv,C:\Users\ivan\WORK\workshops\ICDM\Ablation\kkt_anomaly_outputs\results_csv\agg__agg_kkt_47_11_bills_contam_0.03__top_anomalies.csv,,
C:\Users\ivan\WORK\workshops\ICDM\Ablation\kkt_anomaly_outputs\results_json\agg__agg_kkt_47_11_bills_contam_0.05.json,ok,agg_kkt_level,agg_kkt_47_11,bills,0.05,34443,,11,0.781022392886459,1723.0,,1.0,0.1583436768859585,26.97125005722046,C:\Users\ivan\WORK\workshops\ICDM\Ablation\kkt_anomaly_outputs\results_csv\agg__agg_kkt_47_11_bills_contam_0.05__ranked.csv,C:\Users\ivan\WORK\workshops\ICDM\Ablation\kkt_anomaly_outputs\results_csv\agg__agg_kkt_47_11_bills_contam_0.05__top_anomalies.csv,,
C:\Users\ivan\WORK\workshops\ICDM\Ablation\kkt_anomaly_outputs\results_json\agg__agg_kkt_47_11_items_price_contam_0.01.json,ok,agg_kkt_level,agg_kkt_47_11,items_price,0.01,34443,,8,0.9997843664899131,345.0,,1.0,0.05758869812234337,28.087613821029663,C:\Users\ivan\WORK\workshops\ICDM\Ablation\kkt_anomaly_outputs\results_csv\agg__agg_kkt_47_11_items_price_contam_0.01__ranked.csv,C:\Users\ivan\WORK\workshops\ICDM\Ablation\kkt_anomaly_outputs\results_csv\agg__agg_kkt_47_11_items_price_contam_0.01__top_anomalies.csv,,
C:\Users\ivan\WORK\workshops\ICDM\Ablation\kkt_anomaly_outputs\results_json\agg__agg_kkt_47_11_items_price_contam_0.03.json,ok,agg_kkt_level,agg_kkt_47_11,items_price,0.03,34443,,8,0.5502866109085526,1034.0,,1.0,0.0575886981223434,27.954680681228638,C:\Users\ivan\WORK\workshops\ICDM\Ablation\kkt_anomaly_outputs\results_csv\agg__agg_kkt_47_11_items_price_contam_0.03__ranked.csv,C:\Users\ivan\WORK\workshops\ICDM\Ablation\kkt_anomaly_outputs\results_csv\agg__agg_kkt_47_11_items_price_contam_0.03__top_anomalies.csv,,
C:\Users\ivan\WORK\workshops\ICDM\Ablation\kkt_anomaly_outputs\results_json\agg__agg_kkt_47_11_items_price_contam_0.05.json,ok,agg_kkt_level,agg_kkt_47_11,items_price,0.05,34443,,8,0.39667606356618534,1723.0,,1.0,0.0575886981223434,25.60054874420166,C:\Users\ivan\WORK\workshops\ICDM\Ablation\kkt_anomaly_outputs\results_csv\agg__agg_kkt_47_11_items_price_contam_0.05__ranked.csv,C:\Users\ivan\WORK\workshops\ICDM\Ablation\kkt_anomaly_outputs\results_csv\agg__agg_kkt_47_11_items_price_contam_0.05__top_anomalies.csv,,
C:\Users\ivan\WORK\workshops\ICDM\Ablation\kkt_anomaly_outputs\results_json\agg__agg_kkt_47_11_non_temporal_contam_0.01.json,ok,agg_kkt_level,agg_kkt_47_11,non_temporal,0.01,34443,,150,0.9998876889968978,345.0,,1.0,0.15977277936290846,18.72800326347351,C:\Users\ivan\WORK\workshops\ICDM\Ablation\kkt_anomaly_outputs\results_csv\agg__agg_kkt_47_11_non_temporal_contam_0.01__ranked.csv,C:\Users\ivan\WORK\workshops\ICDM\Ablation\kkt_anomaly_outputs\results_csv\agg__agg_kkt_47_11_non_temporal_contam_0.01__top_anomalies.csv,,
C:\Users\ivan\WORK\workshops\ICDM\Ablation\kkt_anomaly_outputs\results_json\agg__agg_kkt_47_11_non_temporal_contam_0.03.json,ok,agg_kkt_level,agg_kkt_47_11,non_temporal,0.03,34443,,150,0.6489530147352982,1034.0,,1.0,0.15977277936290846,16.57300090789795,C:\Users\ivan\WORK\workshops\ICDM\Ablation\kkt_anomaly_outputs\results_csv\agg__agg_kkt_47_11_non_temporal_contam_0.03__ranked.csv,C:\Users\ivan\WORK\workshops\ICDM\Ablation\kkt_anomaly_outputs\results_csv\agg__agg_kkt_47_11_non_temporal_contam_0.03__top_anomalies.csv,,
C:\Users\ivan\WORK\workshops\ICDM\Ablation\kkt_anomaly_outputs\results_json\agg__agg_kkt_47_11_non_temporal_contam_0.05.json,ok,agg_kkt_level,agg_kkt_47_11,non_temporal,0.05,34443,,150,0.5141843322311243,1723.0,,1.0,0.15977277936290848,16.777996063232422,C:\Users\ivan\WORK\workshops\ICDM\Ablation\kkt_anomaly_outputs\results_csv\agg__agg_kkt_47_11_non_temporal_contam_0.05__ranked.csv,C:\Users\ivan\WORK\workshops\ICDM\Ablation\kkt_anomaly_outputs\results_csv\agg__agg_kkt_47_11_non_temporal_contam_0.05__top_anomalies.csv,,
C:\Users\ivan\WORK\workshops\ICDM\Ablation\kkt_anomaly_outputs\results_json\agg__agg_kkt_47_11_payment_mix_contam_0.01.json,ok,agg_kkt_level,agg_kkt_47_11,payment_mix,0.01,34443,,22,0.9997848981416562,345.0,,1.0,0.1642367504043306,16.983002185821533,C:\Users\ivan\WORK\workshops\ICDM\Ablation\kkt_anomaly_outputs\results_csv\agg__agg_kkt_47_11_payment_mix_contam_0.01__ranked.csv,C:\Users\ivan\WORK\workshops\ICDM\Ablation\kkt_anomaly_outputs\results_csv\agg__agg_kkt_47_11_payment_mix_contam_0.01__top_anomalies.csv,,
C:\Users\ivan\WORK\workshops\ICDM\Ablation\kkt_anomaly_outputs\results_json\agg__agg_kkt_47_11_payment_mix_contam_0.03.json,ok,agg_kkt_level,agg_kkt_47_11,payment_mix,0.03,34443,,22,0.6871417832235692,1034.0,,1.0,0.16423675040433064,17.343998908996582,C:\Users\ivan\WORK\workshops\ICDM\Ablation\kkt_anomaly_outputs\results_csv\agg__agg_kkt_47_11_payment_mix_contam_0.03__ranked.csv,C:\Users\ivan\WORK\workshops\ICDM\Ablation\kkt_anomaly_outputs\results_csv\agg__agg_kkt_47_11_payment_mix_contam_0.03__top_anomalies.csv,,
C:\Users\ivan\WORK\workshops\ICDM\Ablation\kkt_anomaly_outputs\results_json\agg__agg_kkt_47_11_payment_mix_contam_0.05.json,ok,agg_kkt_level,agg_kkt_47_11,payment_mix,0.05,34443,,22,0.5605901381409423,1723.0,,1.0,0.16423675040433064,17.447999715805054,C:\Users\ivan\WORK\workshops\ICDM\Ablation\kkt_anomaly_outputs\results_csv\agg__agg_kkt_47_11_payment_mix_contam_0.05__ranked.csv,C:\Users\ivan\WORK\workshops\ICDM\Ablation\kkt_anomaly_outputs\results_csv\agg__agg_kkt_47_11_payment_mix_contam_0.05__top_anomalies.csv,,
C:\Users\ivan\WORK\workshops\ICDM\Ablation\kkt_anomaly_outputs\results_json\agg__agg_kkt_47_11_simple_core_contam_0.01.json,ok,agg_kkt_level,agg_kkt_47_11,simple_core,0.01,34443,,138,0.9998664649288365,345.0,,1.0,0.15094827388527057,17.938002347946167,C:\Users\ivan\WORK\workshops\ICDM\Ablation\kkt_anomaly_outputs\results_csv\agg__agg_kkt_47_11_simple_core_contam_0.01__ranked.csv,C:\Users\ivan\WORK\workshops\ICDM\Ablation\kkt_anomaly_outputs\results_csv\agg__agg_kkt_47_11_simple_core_contam_0.01__top_anomalies.csv,,
C:\Users\ivan\WORK\workshops\ICDM\Ablation\kkt_anomaly_outputs\results_json\agg__agg_kkt_47_11_simple_core_contam_0.03.json,ok,agg_kkt_level,agg_kkt_47_11,simple_core,0.03,34443,,138,0.6385029742863192,1034.0,,1.0,0.15094827388527057,16.599002361297607,C:\Users\ivan\WORK\workshops\ICDM\Ablation\kkt_anomaly_outputs\results_csv\agg__agg_kkt_47_11_simple_core_contam_0.03__ranked.csv,C:\Users\ivan\WORK\workshops\ICDM\Ablation\kkt_anomaly_outputs\results_csv\agg__agg_kkt_47_11_simple_core_contam_0.03__top_anomalies.csv,,
C:\Users\ivan\WORK\workshops\ICDM\Ablation\kkt_anomaly_outputs\results_json\agg__agg_kkt_47_11_simple_core_contam_0.05.json,ok,agg_kkt_level,agg_kkt_47_11,simple_core,0.05,34443,,138,0.4952131585289226,1723.0,,1.0,0.15094827388527057,16.401012182235718,C:\Users\ivan\WORK\workshops\ICDM\Ablation\kkt_anomaly_outputs\results_csv\agg__agg_kkt_47_11_simple_core_contam_0.05__ranked.csv,C:\Users\ivan\WORK\workshops\ICDM\Ablation\kkt_anomaly_outputs\results_csv\agg__agg_kkt_47_11_simple_core_contam_0.05__top_anomalies.csv,,
C:\Users\ivan\WORK\workshops\ICDM\Ablation\kkt_anomaly_outputs\results_json\agg__agg_kkt_47_11_turnover_contam_0.01.json,ok,agg_kkt_level,agg_kkt_47_11,turnover,0.01,34443,,107,0.9999964521684236,345.0,,1.0,0.16312613788381816,20.26685619354248,C:\Users\ivan\WORK\workshops\ICDM\Ablation\kkt_anomaly_outputs\results_csv\agg__agg_kkt_47_11_turnover_contam_0.01__ranked.csv,C:\Users\ivan\WORK\workshops\ICDM\Ablation\kkt_anomaly_outputs\results_csv\agg__agg_kkt_47_11_turnover_contam_0.01__top_anomalies.csv,,
C:\Users\ivan\WORK\workshops\ICDM\Ablation\kkt_anomaly_outputs\results_json\agg__agg_kkt_47_11_turnover_contam_0.03.json,ok,agg_kkt_level,agg_kkt_47_11,turnover,0.03,34443,,107,0.6227112887911547,1034.0,,1.0,0.16312613788381816,18.288036108016968,C:\Users\ivan\WORK\workshops\ICDM\Ablation\kkt_anomaly_outputs\results_csv\agg__agg_kkt_47_11_turnover_contam_0.03__ranked.csv,C:\Users\ivan\WORK\workshops\ICDM\Ablation\kkt_anomaly_outputs\results_csv\agg__agg_kkt_47_11_turnover_contam_0.03__top_anomalies.csv,,
C:\Users\ivan\WORK\workshops\ICDM\Ablation\kkt_anomaly_outputs\results_json\agg__agg_kkt_47_11_turnover_contam_0.05.json,ok,agg_kkt_level,agg_kkt_47_11,turnover,0.05,34443,,107,0.48704406597776395,1723.0,,1.0,0.1631261378838182,17.53811001777649,C:\Users\ivan\WORK\workshops\ICDM\Ablation\kkt_anomaly_outputs\results_csv\agg__agg_kkt_47_11_turnover_contam_0.05__ranked.csv,C:\Users\ivan\WORK\workshops\ICDM\Ablation\kkt_anomaly_outputs\results_csv\agg__agg_kkt_47_11_turnover_contam_0.05__top_anomalies.csv,,
C:\Users\ivan\WORK\workshops\ICDM\Ablation\kkt_anomaly_outputs\results_json\agg__agg_kkt_47_19_all_numeric_contam_0.01.json,ok,agg_kkt_level,agg_kkt_47_19,all_numeric,0.01,15491,,150,0.9999668481459105,155.0,,1.0,0.12471372629972757,7.052000999450684,C:\Users\ivan\WORK\workshops\ICDM\Ablation\kkt_anomaly_outputs\results_csv\agg__agg_kkt_47_19_all_numeric_contam_0.01__ranked.csv,C:\Users\ivan\WORK\workshops\ICDM\Ablation\kkt_anomaly_outputs\results_csv\agg__agg_kkt_47_19_all_numeric_contam_0.01__top_anomalies.csv,,
C:\Users\ivan\WORK\workshops\ICDM\Ablation\kkt_anomaly_outputs\results_json\agg__agg_kkt_47_19_all_numeric_contam_0.03.json,ok,agg_kkt_level,agg_kkt_47_19,all_numeric,0.03,15491,,150,0.5787048120215412,465.0,,1.0,0.12471372629972757,7.185003995895386,C:\Users\ivan\WORK\workshops\ICDM\Ablation\kkt_anomaly_outputs\results_csv\agg__agg_kkt_47_19_all_numeric_contam_0.03__ranked.csv,C:\Users\ivan\WORK\workshops\ICDM\Ablation\kkt_anomaly_outputs\results_csv\agg__agg_kkt_47_19_all_numeric_contam_0.03__top_anomalies.csv,,
C:\Users\ivan\WORK\workshops\ICDM\Ablation\kkt_anomaly_outputs\results_json\agg__agg_kkt_47_19_all_numeric_contam_0.05.json,ok,agg_kkt_level,agg_kkt_47_19,all_numeric,0.05,15491,,150,0.45401824715078964,775.0,,1.0,0.12471372629972757,9.373003005981445,C:\Users\ivan\WORK\workshops\ICDM\Ablation\kkt_anomaly_outputs\results_csv\agg__agg_kkt_47_19_all_numeric_contam_0.05__ranked.csv,C:\Users\ivan\WORK\workshops\ICDM\Ablation\kkt_anomaly_outputs\results_csv\agg__agg_kkt_47_19_all_numeric_contam_0.05__top_anomalies.csv,,
C:\Users\ivan\WORK\workshops\ICDM\Ablation\kkt_anomaly_outputs\results_json\agg__agg_kkt_47_19_bills_contam_0.01.json,ok,agg_kkt_level,agg_kkt_47_19,bills,0.01,15491,,11,0.9999230235405857,155.0,,1.0,0.18112643743565296,11.201002836227417,C:\Users\ivan\WORK\workshops\ICDM\Ablation\kkt_anomaly_outputs\results_csv\agg__agg_kkt_47_19_bills_contam_0.01__ranked.csv,C:\Users\ivan\WORK\workshops\ICDM\Ablation\kkt_anomaly_outputs\results_csv\agg__agg_kkt_47_19_bills_contam_0.01__top_anomalies.csv,,
C:\Users\ivan\WORK\workshops\ICDM\Ablation\kkt_anomaly_outputs\results_json\agg__agg_kkt_47_19_bills_contam_0.03.json,ok,agg_kkt_level,agg_kkt_47_19,bills,0.03,15491,,11,0.8679238260303731,465.0,,1.0,0.18112643743565296,11.644999027252197,C:\Users\ivan\WORK\workshops\ICDM\Ablation\kkt_anomaly_outputs\results_csv\agg__agg_kkt_47_19_bills_contam_0.03__ranked.csv,C:\Users\ivan\WORK\workshops\ICDM\Ablation\kkt_anomaly_outputs\results_csv\agg__agg_kkt_47_19_bills_contam_0.03__top_anomalies.csv,,
C:\Users\ivan\WORK\workshops\ICDM\Ablation\kkt_anomaly_outputs\results_json\agg__agg_kkt_47_19_bills_contam_0.05.json,ok,agg_kkt_level,agg_kkt_47_19,bills,0.05,15491,,11,0.7571263595495631,775.0,,1.0,0.18112643743565296,11.84800100326538,C:\Users\ivan\WORK\workshops\ICDM\Ablation\kkt_anomaly_outputs\results_csv\agg__agg_kkt_47_19_bills_contam_0.05__ranked.csv,C:\Users\ivan\WORK\workshops\ICDM\Ablation\kkt_anomaly_outputs\results_csv\agg__agg_kkt_47_19_bills_contam_0.05__top_anomalies.csv,,
C:\Users\ivan\WORK\workshops\ICDM\Ablation\kkt_anomaly_outputs\results_json\agg__agg_kkt_47_19_items_price_contam_0.01.json,ok,agg_kkt_level,agg_kkt_47_19,items_price,0.01,15491,,8,0.9999718516548005,155.0,,1.0,0.05215061143342475,15.869001626968384,C:\Users\ivan\WORK\workshops\ICDM\Ablation\kkt_anomaly_outputs\results_csv\agg__agg_kkt_47_19_items_price_contam_0.01__ranked.csv,C:\Users\ivan\WORK\workshops\ICDM\Ablation\kkt_anomaly_outputs\results_csv\agg__agg_kkt_47_19_items_price_contam_0.01__top_anomalies.csv,,
C:\Users\ivan\WORK\workshops\ICDM\Ablation\kkt_anomaly_outputs\results_json\agg__agg_kkt_47_19_items_price_contam_0.03.json,ok,agg_kkt_level,agg_kkt_47_19,items_price,0.03,15491,,8,0.5070720627582325,465.0,,1.0,0.052150611433424726,13.699999332427979,C:\Users\ivan\WORK\workshops\ICDM\Ablation\kkt_anomaly_outputs\results_csv\agg__agg_kkt_47_19_items_price_contam_0.03__ranked.csv,C:\Users\ivan\WORK\workshops\ICDM\Ablation\kkt_anomaly_outputs\results_csv\agg__agg_kkt_47_19_items_price_contam_0.03__top_anomalies.csv,,
C:\Users\ivan\WORK\workshops\ICDM\Ablation\kkt_anomaly_outputs\results_json\agg__agg_kkt_47_19_items_price_contam_0.05.json,ok,agg_kkt_level,agg_kkt_47_19,items_price,0.05,15491,,8,0.3547418733837099,775.0,,1.0,0.052150611433424726,13.712997674942017,C:\Users\ivan\WORK\workshops\ICDM\Ablation\kkt_anomaly_outputs\results_csv\agg__agg_kkt_47_19_items_price_contam_0.05__ranked.csv,C:\Users\ivan\WORK\workshops\ICDM\Ablation\kkt_anomaly_outputs\results_csv\agg__agg_kkt_47_19_items_price_contam_0.05__top_anomalies.csv,,
C:\Users\ivan\WORK\workshops\ICDM\Ablation\kkt_anomaly_outputs\results_json\agg__agg_kkt_47_19_non_temporal_contam_0.01.json,ok,agg_kkt_level,agg_kkt_47_19,non_temporal,0.01,15491,,150,0.9999668481459105,155.0,,1.0,0.12471372629972757,6.909997940063477,C:\Users\ivan\WORK\workshops\ICDM\Ablation\kkt_anomaly_outputs\results_csv\agg__agg_kkt_47_19_non_temporal_contam_0.01__ranked.csv,C:\Users\ivan\WORK\workshops\ICDM\Ablation\kkt_anomaly_outputs\results_csv\agg__agg_kkt_47_19_non_temporal_contam_0.01__top_anomalies.csv,,
C:\Users\ivan\WORK\workshops\ICDM\Ablation\kkt_anomaly_outputs\results_json\agg__agg_kkt_47_19_non_temporal_contam_0.03.json,ok,agg_kkt_level,agg_kkt_47_19,non_temporal,0.03,15491,,150,0.5787048120215412,465.0,,1.0,0.12471372629972757,7.09600043296814,C:\Users\ivan\WORK\workshops\ICDM\Ablation\kkt_anomaly_outputs\results_csv\agg__agg_kkt_47_19_non_temporal_contam_0.03__ranked.csv,C:\Users\ivan\WORK\workshops\ICDM\Ablation\kkt_anomaly_outputs\results_csv\agg__agg_kkt_47_19_non_temporal_contam_0.03__top_anomalies.csv,,
C:\Users\ivan\WORK\workshops\ICDM\Ablation\kkt_anomaly_outputs\results_json\agg__agg_kkt_47_19_non_temporal_contam_0.05.json,ok,agg_kkt_level,agg_kkt_47_19,non_temporal,0.05,15491,,150,0.45401824715078964,775.0,,1.0,0.12471372629972757,7.286001205444336,C:\Users\ivan\WORK\workshops\ICDM\Ablation\kkt_anomaly_outputs\results_csv\agg__agg_kkt_47_19_non_temporal_contam_0.05__ranked.csv,C:\Users\ivan\WORK\workshops\ICDM\Ablation\kkt_anomaly_outputs\results_csv\agg__agg_kkt_47_19_non_temporal_contam_0.05__top_anomalies.csv,,
C:\Users\ivan\WORK\workshops\ICDM\Ablation\kkt_anomaly_outputs\results_json\agg__agg_kkt_47_19_payment_mix_contam_0.01.json,ok,agg_kkt_level,agg_kkt_47_19,payment_mix,0.01,15491,,22,0.9998776797951269,155.0,,1.0,0.1349711211184607,7.980997800827026,C:\Users\ivan\WORK\workshops\ICDM\Ablation\kkt_anomaly_outputs\results_csv\agg__agg_kkt_47_19_payment_mix_contam_0.01__ranked.csv,C:\Users\ivan\WORK\workshops\ICDM\Ablation\kkt_anomaly_outputs\results_csv\agg__agg_kkt_47_19_payment_mix_contam_0.01__top_anomalies.csv,,
C:\Users\ivan\WORK\workshops\ICDM\Ablation\kkt_anomaly_outputs\results_json\agg__agg_kkt_47_19_payment_mix_contam_0.03.json,ok,agg_kkt_level,agg_kkt_47_19,payment_mix,0.03,15491,,22,0.6608440992612173,465.0,,1.0,0.1349711211184607,8.157999992370605,C:\Users\ivan\WORK\workshops\ICDM\Ablation\kkt_anomaly_outputs\results_csv\agg__agg_kkt_47_19_payment_mix_contam_0.03__ranked.csv,C:\Users\ivan\WORK\workshops\ICDM\Ablation\kkt_anomaly_outputs\results_csv\agg__agg_kkt_47_19_payment_mix_contam_0.03__top_anomalies.csv,,
C:\Users\ivan\WORK\workshops\ICDM\Ablation\kkt_anomaly_outputs\results_json\agg__agg_kkt_47_19_payment_mix_contam_0.05.json,ok,agg_kkt_level,agg_kkt_47_19,payment_mix,0.05,15491,,22,0.5394417375452379,775.0,,1.0,0.1349711211184607,10.016003131866455,C:\Users\ivan\WORK\workshops\ICDM\Ablation\kkt_anomaly_outputs\results_csv\agg__agg_kkt_47_19_payment_mix_contam_0.05__ranked.csv,C:\Users\ivan\WORK\workshops\ICDM\Ablation\kkt_anomaly_outputs\results_csv\agg__agg_kkt_47_19_payment_mix_contam_0.05__top_anomalies.csv,,
C:\Users\ivan\WORK\workshops\ICDM\Ablation\kkt_anomaly_outputs\results_json\agg__agg_kkt_47_19_simple_core_contam_0.01.json,ok,agg_kkt_level,agg_kkt_47_19,simple_core,0.01,15491,,138,0.9999863778264267,155.0,,1.0,0.12134307011489871,7.201017141342163,C:\Users\ivan\WORK\workshops\ICDM\Ablation\kkt_anomaly_outputs\results_csv\agg__agg_kkt_47_19_simple_core_contam_0.01__ranked.csv,C:\Users\ivan\WORK\workshops\ICDM\Ablation\kkt_anomaly_outputs\results_csv\agg__agg_kkt_47_19_simple_core_contam_0.01__top_anomalies.csv,,
C:\Users\ivan\WORK\workshops\ICDM\Ablation\kkt_anomaly_outputs\results_json\agg__agg_kkt_47_19_simple_core_contam_0.03.json,ok,agg_kkt_level,agg_kkt_47_19,simple_core,0.03,15491,,138,0.5879679343838615,465.0,,1.0,0.12134307011489871,6.870002746582031,C:\Users\ivan\WORK\workshops\ICDM\Ablation\kkt_anomaly_outputs\results_csv\agg__agg_kkt_47_19_simple_core_contam_0.03__ranked.csv,C:\Users\ivan\WORK\workshops\ICDM\Ablation\kkt_anomaly_outputs\results_csv\agg__agg_kkt_47_19_simple_core_contam_0.03__top_anomalies.csv,,
C:\Users\ivan\WORK\workshops\ICDM\Ablation\kkt_anomaly_outputs\results_json\agg__agg_kkt_47_19_simple_core_contam_0.05.json,ok,agg_kkt_level,agg_kkt_47_19,simple_core,0.05,15491,,138,0.44204815161832267,775.0,,1.0,0.12134307011489871,7.13100004196167,C:\Users\ivan\WORK\workshops\ICDM\Ablation\kkt_anomaly_outputs\results_csv\agg__agg_kkt_47_19_simple_core_contam_0.05__ranked.csv,C:\Users\ivan\WORK\workshops\ICDM\Ablation\kkt_anomaly_outputs\results_csv\agg__agg_kkt_47_19_simple_core_contam_0.05__top_anomalies.csv,,
C:\Users\ivan\WORK\workshops\ICDM\Ablation\kkt_anomaly_outputs\results_json\agg__agg_kkt_47_19_turnover_contam_0.01.json,ok,agg_kkt_level,agg_kkt_47_19,turnover,0.01,15491,,107,0.9998509850305652,155.0,,1.0,0.14387661509782176,6.84699273109436,C:\Users\ivan\WORK\workshops\ICDM\Ablation\kkt_anomaly_outputs\results_csv\agg__agg_kkt_47_19_turnover_contam_0.01__ranked.csv,C:\Users\ivan\WORK\workshops\ICDM\Ablation\kkt_anomaly_outputs\results_csv\agg__agg_kkt_47_19_turnover_contam_0.01__top_anomalies.csv,,
C:\Users\ivan\WORK\workshops\ICDM\Ablation\kkt_anomaly_outputs\results_json\agg__agg_kkt_47_19_turnover_contam_0.03.json,ok,agg_kkt_level,agg_kkt_47_19,turnover,0.03,15491,,107,0.6252924344660746,465.0,,1.0,0.14387661509782176,6.829000949859619,C:\Users\ivan\WORK\workshops\ICDM\Ablation\kkt_anomaly_outputs\results_csv\agg__agg_kkt_47_19_turnover_contam_0.03__ranked.csv,C:\Users\ivan\WORK\workshops\ICDM\Ablation\kkt_anomaly_outputs\results_csv\agg__agg_kkt_47_19_turnover_contam_0.03__top_anomalies.csv,,
C:\Users\ivan\WORK\workshops\ICDM\Ablation\kkt_anomaly_outputs\results_json\agg__agg_kkt_47_19_turnover_contam_0.05.json,ok,agg_kkt_level,agg_kkt_47_19,turnover,0.05,15491,,107,0.4944614800902689,775.0,,1.0,0.14387661509782176,7.225000381469727,C:\Users\ivan\WORK\workshops\ICDM\Ablation\kkt_anomaly_outputs\results_csv\agg__agg_kkt_47_19_turnover_contam_0.05__ranked.csv,C:\Users\ivan\WORK\workshops\ICDM\Ablation\kkt_anomaly_outputs\results_csv\agg__agg_kkt_47_19_turnover_contam_0.05__top_anomalies.csv,,
C:\Users\ivan\WORK\workshops\ICDM\Ablation\kkt_anomaly_outputs\results_json\ts__ts_kkt_47_11_all_numeric_contam_0.01.json,ok,ts_kkt_day_level,ts_kkt_47_11,all_numeric,0.01,3168756,34443.0,87,1.0,,31689.0,1.0,0.054929427668796785,634.3215444087982,C:\Users\ivan\WORK\workshops\ICDM\Ablation\kkt_anomaly_outputs\results_csv\ts__ts_kkt_47_11_all_numeric_contam_0.01__ranked_kkt_days.csv,C:\Users\ivan\WORK\workshops\ICDM\Ablation\kkt_anomaly_outputs\results_csv\ts__ts_kkt_47_11_all_numeric_contam_0.01__top_kkt_days.csv,C:\Users\ivan\WORK\workshops\ICDM\Ablation\kkt_anomaly_outputs\results_csv\ts__ts_kkt_47_11_all_numeric_contam_0.01__device_aggregated_scores.csv,
C:\Users\ivan\WORK\workshops\ICDM\Ablation\kkt_anomaly_outputs\results_json\ts__ts_kkt_47_11_all_numeric_contam_0.03.json,ok,ts_kkt_day_level,ts_kkt_47_11,all_numeric,0.03,3168756,34443.0,87,0.48276026521698073,,95063.0,1.0,0.054929427668796785,473.6456210613251,C:\Users\ivan\WORK\workshops\ICDM\Ablation\kkt_anomaly_outputs\results_csv\ts__ts_kkt_47_11_all_numeric_contam_0.03__ranked_kkt_days.csv,C:\Users\ivan\WORK\workshops\ICDM\Ablation\kkt_anomaly_outputs\results_csv\ts__ts_kkt_47_11_all_numeric_contam_0.03__top_kkt_days.csv,C:\Users\ivan\WORK\workshops\ICDM\Ablation\kkt_anomaly_outputs\results_csv\ts__ts_kkt_47_11_all_numeric_contam_0.03__device_aggregated_scores.csv,
C:\Users\ivan\WORK\workshops\ICDM\Ablation\kkt_anomaly_outputs\results_json\ts__ts_kkt_47_11_all_numeric_contam_0.05.json,ok,ts_kkt_day_level,ts_kkt_47_11,all_numeric,0.05,3168756,34443.0,87,0.346002389993042,,158438.0,1.0,0.054929427668796785,478.672226190567,C:\Users\ivan\WORK\workshops\ICDM\Ablation\kkt_anomaly_outputs\results_csv\ts__ts_kkt_47_11_all_numeric_contam_0.05__ranked_kkt_days.csv,C:\Users\ivan\WORK\workshops\ICDM\Ablation\kkt_anomaly_outputs\results_csv\ts__ts_kkt_47_11_all_numeric_contam_0.05__top_kkt_days.csv,C:\Users\ivan\WORK\workshops\ICDM\Ablation\kkt_anomaly_outputs\results_csv\ts__ts_kkt_47_11_all_numeric_contam_0.05__device_aggregated_scores.csv,
C:\Users\ivan\WORK\workshops\ICDM\Ablation\kkt_anomaly_outputs\results_json\ts__ts_kkt_47_11_bills_items_contam_0.01.json,ok,ts_kkt_day_level,ts_kkt_47_11,bills_items,0.01,3168756,34443.0,29,0.999998811453245,,31688.0,1.0,0.04830477399080686,310.30399799346924,C:\Users\ivan\WORK\workshops\ICDM\Ablation\kkt_anomaly_outputs\results_csv\ts__ts_kkt_47_11_bills_items_contam_0.01__ranked_kkt_days.csv,C:\Users\ivan\WORK\workshops\ICDM\Ablation\kkt_anomaly_outputs\results_csv\ts__ts_kkt_47_11_bills_items_contam_0.01__top_kkt_days.csv,C:\Users\ivan\WORK\workshops\ICDM\Ablation\kkt_anomaly_outputs\results_csv\ts__ts_kkt_47_11_bills_items_contam_0.01__device_aggregated_scores.csv,
C:\Users\ivan\WORK\workshops\ICDM\Ablation\kkt_anomaly_outputs\results_json\ts__ts_kkt_47_11_bills_items_contam_0.03.json,ok,ts_kkt_day_level,ts_kkt_47_11,bills_items,0.03,3168756,34443.0,29,0.42901388329672885,,95063.0,1.0,0.04830477399080686,308.14399695396423,C:\Users\ivan\WORK\workshops\ICDM\Ablation\kkt_anomaly_outputs\results_csv\ts__ts_kkt_47_11_bills_items_contam_0.03__ranked_kkt_days.csv,C:\Users\ivan\WORK\workshops\ICDM\Ablation\kkt_anomaly_outputs\results_csv\ts__ts_kkt_47_11_bills_items_contam_0.03__top_kkt_days.csv,C:\Users\ivan\WORK\workshops\ICDM\Ablation\kkt_anomaly_outputs\results_csv\ts__ts_kkt_47_11_bills_items_contam_0.03__device_aggregated_scores.csv,
C:\Users\ivan\WORK\workshops\ICDM\Ablation\kkt_anomaly_outputs\results_json\ts__ts_kkt_47_11_bills_items_contam_0.05.json,ok,ts_kkt_day_level,ts_kkt_47_11,bills_items,0.05,3168756,34443.0,29,0.32764754926947737,,158438.0,1.0,0.04830477399080686,308.87900161743164,C:\Users\ivan\WORK\workshops\ICDM\Ablation\kkt_anomaly_outputs\results_csv\ts__ts_kkt_47_11_bills_items_contam_0.05__ranked_kkt_days.csv,C:\Users\ivan\WORK\workshops\ICDM\Ablation\kkt_anomaly_outputs\results_csv\ts__ts_kkt_47_11_bills_items_contam_0.05__top_kkt_days.csv,C:\Users\ivan\WORK\workshops\ICDM\Ablation\kkt_anomaly_outputs\results_csv\ts__ts_kkt_47_11_bills_items_contam_0.05__device_aggregated_scores.csv,
C:\Users\ivan\WORK\workshops\ICDM\Ablation\kkt_anomaly_outputs\results_json\ts__ts_kkt_47_11_core_daily_contam_0.01.json,ok,ts_kkt_day_level,ts_kkt_47_11,core_daily,0.01,3168756,34443.0,18,0.9999999713536416,,31688.0,1.0,0.03114633824325292,299.897141456604,C:\Users\ivan\WORK\workshops\ICDM\Ablation\kkt_anomaly_outputs\results_csv\ts__ts_kkt_47_11_core_daily_contam_0.01__ranked_kkt_days.csv,C:\Users\ivan\WORK\workshops\ICDM\Ablation\kkt_anomaly_outputs\results_csv\ts__ts_kkt_47_11_core_daily_contam_0.01__top_kkt_days.csv,C:\Users\ivan\WORK\workshops\ICDM\Ablation\kkt_anomaly_outputs\results_csv\ts__ts_kkt_47_11_core_daily_contam_0.01__device_aggregated_scores.csv,
C:\Users\ivan\WORK\workshops\ICDM\Ablation\kkt_anomaly_outputs\results_json\ts__ts_kkt_47_11_core_daily_contam_0.03.json,ok,ts_kkt_day_level,ts_kkt_47_11,core_daily,0.03,3168756,34443.0,18,0.6284549699291229,,95063.0,1.0,0.03114633824325292,288.32000756263733,C:\Users\ivan\WORK\workshops\ICDM\Ablation\kkt_anomaly_outputs\results_csv\ts__ts_kkt_47_11_core_daily_contam_0.03__ranked_kkt_days.csv,C:\Users\ivan\WORK\workshops\ICDM\Ablation\kkt_anomaly_outputs\results_csv\ts__ts_kkt_47_11_core_daily_contam_0.03__top_kkt_days.csv,C:\Users\ivan\WORK\workshops\ICDM\Ablation\kkt_anomaly_outputs\results_csv\ts__ts_kkt_47_11_core_daily_contam_0.03__device_aggregated_scores.csv,
C:\Users\ivan\WORK\workshops\ICDM\Ablation\kkt_anomaly_outputs\results_json\ts__ts_kkt_47_11_core_daily_contam_0.05.json,ok,ts_kkt_day_level,ts_kkt_47_11,core_daily,0.05,3168756,34443.0,18,0.49753312539923056,,164835.0,1.0,0.031146338243252924,293.86600399017334,C:\Users\ivan\WORK\workshops\ICDM\Ablation\kkt_anomaly_outputs\results_csv\ts__ts_kkt_47_11_core_daily_contam_0.05__ranked_kkt_days.csv,C:\Users\ivan\WORK\workshops\ICDM\Ablation\kkt_anomaly_outputs\results_csv\ts__ts_kkt_47_11_core_daily_contam_0.05__top_kkt_days.csv,C:\Users\ivan\WORK\workshops\ICDM\Ablation\kkt_anomaly_outputs\results_csv\ts__ts_kkt_47_11_core_daily_contam_0.05__device_aggregated_scores.csv,
C:\Users\ivan\WORK\workshops\ICDM\Ablation\kkt_anomaly_outputs\results_json\ts__ts_kkt_47_11_payment_mix_contam_0.01.json,ok,ts_kkt_day_level,ts_kkt_47_11,payment_mix,0.01,3168756,34443.0,20,0.9999991559803149,,31688.0,1.0,0.10663733359384461,304.0229992866516,C:\Users\ivan\WORK\workshops\ICDM\Ablation\kkt_anomaly_outputs\results_csv\ts__ts_kkt_47_11_payment_mix_contam_0.01__ranked_kkt_days.csv,C:\Users\ivan\WORK\workshops\ICDM\Ablation\kkt_anomaly_outputs\results_csv\ts__ts_kkt_47_11_payment_mix_contam_0.01__top_kkt_days.csv,C:\Users\ivan\WORK\workshops\ICDM\Ablation\kkt_anomaly_outputs\results_csv\ts__ts_kkt_47_11_payment_mix_contam_0.01__device_aggregated_scores.csv,
C:\Users\ivan\WORK\workshops\ICDM\Ablation\kkt_anomaly_outputs\results_json\ts__ts_kkt_47_11_payment_mix_contam_0.03.json,ok,ts_kkt_day_level,ts_kkt_47_11,payment_mix,0.03,3168756,34443.0,20,0.6145870881075498,,95063.0,1.0,0.10663733359384459,304.0020008087158,C:\Users\ivan\WORK\workshops\ICDM\Ablation\kkt_anomaly_outputs\results_csv\ts__ts_kkt_47_11_payment_mix_contam_0.03__ranked_kkt_days.csv,C:\Users\ivan\WORK\workshops\ICDM\Ablation\kkt_anomaly_outputs\results_csv\ts__ts_kkt_47_11_payment_mix_contam_0.03__top_kkt_days.csv,C:\Users\ivan\WORK\workshops\ICDM\Ablation\kkt_anomaly_outputs\results_csv\ts__ts_kkt_47_11_payment_mix_contam_0.03__device_aggregated_scores.csv,
C:\Users\ivan\WORK\workshops\ICDM\Ablation\kkt_anomaly_outputs\results_json\ts__ts_kkt_47_11_payment_mix_contam_0.05.json,ok,ts_kkt_day_level,ts_kkt_47_11,payment_mix,0.05,3168756,34443.0,20,0.5242037833159067,,158438.0,1.0,0.10663733359384459,303.35500144958496,C:\Users\ivan\WORK\workshops\ICDM\Ablation\kkt_anomaly_outputs\results_csv\ts__ts_kkt_47_11_payment_mix_contam_0.05__ranked_kkt_days.csv,C:\Users\ivan\WORK\workshops\ICDM\Ablation\kkt_anomaly_outputs\results_csv\ts__ts_kkt_47_11_payment_mix_contam_0.05__top_kkt_days.csv,C:\Users\ivan\WORK\workshops\ICDM\Ablation\kkt_anomaly_outputs\results_csv\ts__ts_kkt_47_11_payment_mix_contam_0.05__device_aggregated_scores.csv,
C:\Users\ivan\WORK\workshops\ICDM\Ablation\kkt_anomaly_outputs\results_json\ts__ts_kkt_47_11_peer_deviation_contam_0.01.json,ok,ts_kkt_day_level,ts_kkt_47_11,peer_deviation,0.01,3168756,34443.0,6,0.9999984443738895,,31688.0,1.0,0.045431582035106874,288.03300046920776,C:\Users\ivan\WORK\workshops\ICDM\Ablation\kkt_anomaly_outputs\results_csv\ts__ts_kkt_47_11_peer_deviation_contam_0.01__ranked_kkt_days.csv,C:\Users\ivan\WORK\workshops\ICDM\Ablation\kkt_anomaly_outputs\results_csv\ts__ts_kkt_47_11_peer_deviation_contam_0.01__top_kkt_days.csv,C:\Users\ivan\WORK\workshops\ICDM\Ablation\kkt_anomaly_outputs\results_csv\ts__ts_kkt_47_11_peer_deviation_contam_0.01__device_aggregated_scores.csv,
C:\Users\ivan\WORK\workshops\ICDM\Ablation\kkt_anomaly_outputs\results_json\ts__ts_kkt_47_11_peer_deviation_contam_0.03.json,ok,ts_kkt_day_level,ts_kkt_47_11,peer_deviation,0.03,3168756,34443.0,6,0.6388271928961726,,95063.0,1.0,0.045431582035106874,285.4060003757477,C:\Users\ivan\WORK\workshops\ICDM\Ablation\kkt_anomaly_outputs\results_csv\ts__ts_kkt_47_11_peer_deviation_contam_0.03__ranked_kkt_days.csv,C:\Users\ivan\WORK\workshops\ICDM\Ablation\kkt_anomaly_outputs\results_csv\ts__ts_kkt_47_11_peer_deviation_contam_0.03__top_kkt_days.csv,C:\Users\ivan\WORK\workshops\ICDM\Ablation\kkt_anomaly_outputs\results_csv\ts__ts_kkt_47_11_peer_deviation_contam_0.03__device_aggregated_scores.csv,
C:\Users\ivan\WORK\workshops\ICDM\Ablation\kkt_anomaly_outputs\results_json\ts__ts_kkt_47_11_peer_deviation_contam_0.05.json,ok,ts_kkt_day_level,ts_kkt_47_11,peer_deviation,0.05,3168756,34443.0,6,0.4666394280579048,,158438.0,1.0,0.045431582035106874,283.5420022010803,C:\Users\ivan\WORK\workshops\ICDM\Ablation\kkt_anomaly_outputs\results_csv\ts__ts_kkt_47_11_peer_deviation_contam_0.05__ranked_kkt_days.csv,C:\Users\ivan\WORK\workshops\ICDM\Ablation\kkt_anomaly_outputs\results_csv\ts__ts_kkt_47_11_peer_deviation_contam_0.05__top_kkt_days.csv,C:\Users\ivan\WORK\workshops\ICDM\Ablation\kkt_anomaly_outputs\results_csv\ts__ts_kkt_47_11_peer_deviation_contam_0.05__device_aggregated_scores.csv,
C:\Users\ivan\WORK\workshops\ICDM\Ablation\kkt_anomaly_outputs\results_json\ts__ts_kkt_47_11_rolling_deviation_contam_0.01.json,ok,ts_kkt_day_level,ts_kkt_47_11,rolling_deviation,0.01,3168756,34443.0,48,1.0,,31705.0,1.0,0.04992015006655942,348.1460347175598,C:\Users\ivan\WORK\workshops\ICDM\Ablation\kkt_anomaly_outputs\results_csv\ts__ts_kkt_47_11_rolling_deviation_contam_0.01__ranked_kkt_days.csv,C:\Users\ivan\WORK\workshops\ICDM\Ablation\kkt_anomaly_outputs\results_csv\ts__ts_kkt_47_11_rolling_deviation_contam_0.01__top_kkt_days.csv,C:\Users\ivan\WORK\workshops\ICDM\Ablation\kkt_anomaly_outputs\results_csv\ts__ts_kkt_47_11_rolling_deviation_contam_0.01__device_aggregated_scores.csv,
C:\Users\ivan\WORK\workshops\ICDM\Ablation\kkt_anomaly_outputs\results_json\ts__ts_kkt_47_11_rolling_deviation_contam_0.03.json,ok,ts_kkt_day_level,ts_kkt_47_11,rolling_deviation,0.03,3168756,34443.0,48,0.36118774585489416,,95063.0,1.0,0.04992015006655942,351.80199813842773,C:\Users\ivan\WORK\workshops\ICDM\Ablation\kkt_anomaly_outputs\results_csv\ts__ts_kkt_47_11_rolling_deviation_contam_0.03__ranked_kkt_days.csv,C:\Users\ivan\WORK\workshops\ICDM\Ablation\kkt_anomaly_outputs\results_csv\ts__ts_kkt_47_11_rolling_deviation_contam_0.03__top_kkt_days.csv,C:\Users\ivan\WORK\workshops\ICDM\Ablation\kkt_anomaly_outputs\results_csv\ts__ts_kkt_47_11_rolling_deviation_contam_0.03__device_aggregated_scores.csv,
C:\Users\ivan\WORK\workshops\ICDM\Ablation\kkt_anomaly_outputs\results_json\ts__ts_kkt_47_11_rolling_deviation_contam_0.05.json,ok,ts_kkt_day_level,ts_kkt_47_11,rolling_deviation,0.05,3168756,34443.0,48,0.2737362068167347,,158438.0,1.0,0.04992015006655942,350.1910011768341,C:\Users\ivan\WORK\workshops\ICDM\Ablation\kkt_anomaly_outputs\results_csv\ts__ts_kkt_47_11_rolling_deviation_contam_0.05__ranked_kkt_days.csv,C:\Users\ivan\WORK\workshops\ICDM\Ablation\kkt_anomaly_outputs\results_csv\ts__ts_kkt_47_11_rolling_deviation_contam_0.05__top_kkt_days.csv,C:\Users\ivan\WORK\workshops\ICDM\Ablation\kkt_anomaly_outputs\results_csv\ts__ts_kkt_47_11_rolling_deviation_contam_0.05__device_aggregated_scores.csv,
C:\Users\ivan\WORK\workshops\ICDM\Ablation\kkt_anomaly_outputs\results_json\ts__ts_kkt_47_11_turnover_contam_0.01.json,ok,ts_kkt_day_level,ts_kkt_47_11,turnover,0.01,3168756,34443.0,42,1.0,,32968.0,1.0,0.07995964214336579,345.9730017185211,C:\Users\ivan\WORK\workshops\ICDM\Ablation\kkt_anomaly_outputs\results_csv\ts__ts_kkt_47_11_turnover_contam_0.01__ranked_kkt_days.csv,C:\Users\ivan\WORK\workshops\ICDM\Ablation\kkt_anomaly_outputs\results_csv\ts__ts_kkt_47_11_turnover_contam_0.01__top_kkt_days.csv,C:\Users\ivan\WORK\workshops\ICDM\Ablation\kkt_anomaly_outputs\results_csv\ts__ts_kkt_47_11_turnover_contam_0.01__device_aggregated_scores.csv,
C:\Users\ivan\WORK\workshops\ICDM\Ablation\kkt_anomaly_outputs\results_json\ts__ts_kkt_47_11_turnover_contam_0.03.json,ok,ts_kkt_day_level,ts_kkt_47_11,turnover,0.03,3168756,34443.0,42,0.5097809363577933,,95063.0,1.0,0.0799596421433658,337.0200002193451,C:\Users\ivan\WORK\workshops\ICDM\Ablation\kkt_anomaly_outputs\results_csv\ts__ts_kkt_47_11_turnover_contam_0.03__ranked_kkt_days.csv,C:\Users\ivan\WORK\workshops\ICDM\Ablation\kkt_anomaly_outputs\results_csv\ts__ts_kkt_47_11_turnover_contam_0.03__top_kkt_days.csv,C:\Users\ivan\WORK\workshops\ICDM\Ablation\kkt_anomaly_outputs\results_csv\ts__ts_kkt_47_11_turnover_contam_0.03__device_aggregated_scores.csv,
C:\Users\ivan\WORK\workshops\ICDM\Ablation\kkt_anomaly_outputs\results_json\ts__ts_kkt_47_11_turnover_contam_0.05.json,ok,ts_kkt_day_level,ts_kkt_47_11,turnover,0.05,3168756,34443.0,42,0.35551654396724447,,158438.0,1.0,0.0799596421433658,333.6030020713806,C:\Users\ivan\WORK\workshops\ICDM\Ablation\kkt_anomaly_outputs\results_csv\ts__ts_kkt_47_11_turnover_contam_0.05__ranked_kkt_days.csv,C:\Users\ivan\WORK\workshops\ICDM\Ablation\kkt_anomaly_outputs\results_csv\ts__ts_kkt_47_11_turnover_contam_0.05__top_kkt_days.csv,C:\Users\ivan\WORK\workshops\ICDM\Ablation\kkt_anomaly_outputs\results_csv\ts__ts_kkt_47_11_turnover_contam_0.05__device_aggregated_scores.csv,
C:\Users\ivan\WORK\workshops\ICDM\Ablation\kkt_anomaly_outputs\results_json\ts__ts_kkt_47_19_all_numeric_contam_0.01.json,ok,ts_kkt_day_level,ts_kkt_47_19,all_numeric,0.01,1425172,15491.0,87,0.999991921364172,,14252.0,1.0,0.06364828236492906,173.67800068855286,C:\Users\ivan\WORK\workshops\ICDM\Ablation\kkt_anomaly_outputs\results_csv\ts__ts_kkt_47_19_all_numeric_contam_0.01__ranked_kkt_days.csv,C:\Users\ivan\WORK\workshops\ICDM\Ablation\kkt_anomaly_outputs\results_csv\ts__ts_kkt_47_19_all_numeric_contam_0.01__top_kkt_days.csv,C:\Users\ivan\WORK\workshops\ICDM\Ablation\kkt_anomaly_outputs\results_csv\ts__ts_kkt_47_19_all_numeric_contam_0.01__device_aggregated_scores.csv,
C:\Users\ivan\WORK\workshops\ICDM\Ablation\kkt_anomaly_outputs\results_json\ts__ts_kkt_47_19_all_numeric_contam_0.03.json,ok,ts_kkt_day_level,ts_kkt_47_19,all_numeric,0.03,1425172,15491.0,87,0.534140597819177,,42756.0,1.0,0.06364828236492903,169.02200174331665,C:\Users\ivan\WORK\workshops\ICDM\Ablation\kkt_anomaly_outputs\results_csv\ts__ts_kkt_47_19_all_numeric_contam_0.03__ranked_kkt_days.csv,C:\Users\ivan\WORK\workshops\ICDM\Ablation\kkt_anomaly_outputs\results_csv\ts__ts_kkt_47_19_all_numeric_contam_0.03__top_kkt_days.csv,C:\Users\ivan\WORK\workshops\ICDM\Ablation\kkt_anomaly_outputs\results_csv\ts__ts_kkt_47_19_all_numeric_contam_0.03__device_aggregated_scores.csv,
C:\Users\ivan\WORK\workshops\ICDM\Ablation\kkt_anomaly_outputs\results_json\ts__ts_kkt_47_19_all_numeric_contam_0.05.json,ok,ts_kkt_day_level,ts_kkt_47_19,all_numeric,0.05,1425172,15491.0,87,0.3884690636685328,,71259.0,1.0,0.06364828236492903,168.7999963760376,C:\Users\ivan\WORK\workshops\ICDM\Ablation\kkt_anomaly_outputs\results_csv\ts__ts_kkt_47_19_all_numeric_contam_0.05__ranked_kkt_days.csv,C:\Users\ivan\WORK\workshops\ICDM\Ablation\kkt_anomaly_outputs\results_csv\ts__ts_kkt_47_19_all_numeric_contam_0.05__top_kkt_days.csv,C:\Users\ivan\WORK\workshops\ICDM\Ablation\kkt_anomaly_outputs\results_csv\ts__ts_kkt_47_19_all_numeric_contam_0.05__device_aggregated_scores.csv,
C:\Users\ivan\WORK\workshops\ICDM\Ablation\kkt_anomaly_outputs\results_json\ts__ts_kkt_47_19_bills_items_contam_0.01.json,ok,ts_kkt_day_level,ts_kkt_47_19,bills_items,0.01,1425172,15491.0,29,0.9999913358780108,,14252.0,1.0,0.07307464458253193,138.21799993515015,C:\Users\ivan\WORK\workshops\ICDM\Ablation\kkt_anomaly_outputs\results_csv\ts__ts_kkt_47_19_bills_items_contam_0.01__ranked_kkt_days.csv,C:\Users\ivan\WORK\workshops\ICDM\Ablation\kkt_anomaly_outputs\results_csv\ts__ts_kkt_47_19_bills_items_contam_0.01__top_kkt_days.csv,C:\Users\ivan\WORK\workshops\ICDM\Ablation\kkt_anomaly_outputs\results_csv\ts__ts_kkt_47_19_bills_items_contam_0.01__device_aggregated_scores.csv,
C:\Users\ivan\WORK\workshops\ICDM\Ablation\kkt_anomaly_outputs\results_json\ts__ts_kkt_47_19_bills_items_contam_0.03.json,ok,ts_kkt_day_level,ts_kkt_47_19,bills_items,0.03,1425172,15491.0,29,0.5621795138005549,,42756.0,1.0,0.07307464458253193,137.07899975776672,C:\Users\ivan\WORK\workshops\ICDM\Ablation\kkt_anomaly_outputs\results_csv\ts__ts_kkt_47_19_bills_items_contam_0.03__ranked_kkt_days.csv,C:\Users\ivan\WORK\workshops\ICDM\Ablation\kkt_anomaly_outputs\results_csv\ts__ts_kkt_47_19_bills_items_contam_0.03__top_kkt_days.csv,C:\Users\ivan\WORK\workshops\ICDM\Ablation\kkt_anomaly_outputs\results_csv\ts__ts_kkt_47_19_bills_items_contam_0.03__device_aggregated_scores.csv,
C:\Users\ivan\WORK\workshops\ICDM\Ablation\kkt_anomaly_outputs\results_json\ts__ts_kkt_47_19_bills_items_contam_0.05.json,ok,ts_kkt_day_level,ts_kkt_47_19,bills_items,0.05,1425172,15491.0,29,0.4584310545852401,,71259.0,1.0,0.07307464458253193,136.9289994239807,C:\Users\ivan\WORK\workshops\ICDM\Ablation\kkt_anomaly_outputs\results_csv\ts__ts_kkt_47_19_bills_items_contam_0.05__ranked_kkt_days.csv,C:\Users\ivan\WORK\workshops\ICDM\Ablation\kkt_anomaly_outputs\results_csv\ts__ts_kkt_47_19_bills_items_contam_0.05__top_kkt_days.csv,C:\Users\ivan\WORK\workshops\ICDM\Ablation\kkt_anomaly_outputs\results_csv\ts__ts_kkt_47_19_bills_items_contam_0.05__device_aggregated_scores.csv,
C:\Users\ivan\WORK\workshops\ICDM\Ablation\kkt_anomaly_outputs\results_json\ts__ts_kkt_47_19_core_daily_contam_0.01.json,ok,ts_kkt_day_level,ts_kkt_47_19,core_daily,0.01,1425172,15491.0,18,0.999999402545485,,14252.0,1.0,0.034455995978070975,127.1939697265625,C:\Users\ivan\WORK\workshops\ICDM\Ablation\kkt_anomaly_outputs\results_csv\ts__ts_kkt_47_19_core_daily_contam_0.01__ranked_kkt_days.csv,C:\Users\ivan\WORK\workshops\ICDM\Ablation\kkt_anomaly_outputs\results_csv\ts__ts_kkt_47_19_core_daily_contam_0.01__top_kkt_days.csv,C:\Users\ivan\WORK\workshops\ICDM\Ablation\kkt_anomaly_outputs\results_csv\ts__ts_kkt_47_19_core_daily_contam_0.01__device_aggregated_scores.csv,
C:\Users\ivan\WORK\workshops\ICDM\Ablation\kkt_anomaly_outputs\results_json\ts__ts_kkt_47_19_core_daily_contam_0.03.json,ok,ts_kkt_day_level,ts_kkt_47_19,core_daily,0.03,1425172,15491.0,18,0.625883858263266,,42756.0,1.0,0.034455995978070975,126.7080020904541,C:\Users\ivan\WORK\workshops\ICDM\Ablation\kkt_anomaly_outputs\results_csv\ts__ts_kkt_47_19_core_daily_contam_0.03__ranked_kkt_days.csv,C:\Users\ivan\WORK\workshops\ICDM\Ablation\kkt_anomaly_outputs\results_csv\ts__ts_kkt_47_19_core_daily_contam_0.03__top_kkt_days.csv,C:\Users\ivan\WORK\workshops\ICDM\Ablation\kkt_anomaly_outputs\results_csv\ts__ts_kkt_47_19_core_daily_contam_0.03__device_aggregated_scores.csv,
C:\Users\ivan\WORK\workshops\ICDM\Ablation\kkt_anomaly_outputs\results_json\ts__ts_kkt_47_19_core_daily_contam_0.05.json,ok,ts_kkt_day_level,ts_kkt_47_19,core_daily,0.05,1425172,15491.0,18,0.4427358643818918,,71259.0,1.0,0.034455995978070975,126.55500173568726,C:\Users\ivan\WORK\workshops\ICDM\Ablation\kkt_anomaly_outputs\results_csv\ts__ts_kkt_47_19_core_daily_contam_0.05__ranked_kkt_days.csv,C:\Users\ivan\WORK\workshops\ICDM\Ablation\kkt_anomaly_outputs\results_csv\ts__ts_kkt_47_19_core_daily_contam_0.05__top_kkt_days.csv,C:\Users\ivan\WORK\workshops\ICDM\Ablation\kkt_anomaly_outputs\results_csv\ts__ts_kkt_47_19_core_daily_contam_0.05__device_aggregated_scores.csv,
C:\Users\ivan\WORK\workshops\ICDM\Ablation\kkt_anomaly_outputs\results_json\ts__ts_kkt_47_19_payment_mix_contam_0.01.json,ok,ts_kkt_day_level,ts_kkt_47_19,payment_mix,0.01,1425172,15491.0,20,0.9999954125256232,,14252.0,1.0,0.12032451446128617,135.7770004272461,C:\Users\ivan\WORK\workshops\ICDM\Ablation\kkt_anomaly_outputs\results_csv\ts__ts_kkt_47_19_payment_mix_contam_0.01__ranked_kkt_days.csv,C:\Users\ivan\WORK\workshops\ICDM\Ablation\kkt_anomaly_outputs\results_csv\ts__ts_kkt_47_19_payment_mix_contam_0.01__top_kkt_days.csv,C:\Users\ivan\WORK\workshops\ICDM\Ablation\kkt_anomaly_outputs\results_csv\ts__ts_kkt_47_19_payment_mix_contam_0.01__device_aggregated_scores.csv,
C:\Users\ivan\WORK\workshops\ICDM\Ablation\kkt_anomaly_outputs\results_json\ts__ts_kkt_47_19_payment_mix_contam_0.03.json,ok,ts_kkt_day_level,ts_kkt_47_19,payment_mix,0.03,1425172,15491.0,20,0.6021998396149782,,42767.0,1.0,0.12032451446128617,136.3159999847412,C:\Users\ivan\WORK\workshops\ICDM\Ablation\kkt_anomaly_outputs\results_csv\ts__ts_kkt_47_19_payment_mix_contam_0.03__ranked_kkt_days.csv,C:\Users\ivan\WORK\workshops\ICDM\Ablation\kkt_anomaly_outputs\results_csv\ts__ts_kkt_47_19_payment_mix_contam_0.03__top_kkt_days.csv,C:\Users\ivan\WORK\workshops\ICDM\Ablation\kkt_anomaly_outputs\results_csv\ts__ts_kkt_47_19_payment_mix_contam_0.03__device_aggregated_scores.csv,
C:\Users\ivan\WORK\workshops\ICDM\Ablation\kkt_anomaly_outputs\results_json\ts__ts_kkt_47_19_payment_mix_contam_0.05.json,ok,ts_kkt_day_level,ts_kkt_47_19,payment_mix,0.05,1425172,15491.0,20,0.49095490092347976,,71259.0,1.0,0.12032451446128617,135.94500470161438,C:\Users\ivan\WORK\workshops\ICDM\Ablation\kkt_anomaly_outputs\results_csv\ts__ts_kkt_47_19_payment_mix_contam_0.05__ranked_kkt_days.csv,C:\Users\ivan\WORK\workshops\ICDM\Ablation\kkt_anomaly_outputs\results_csv\ts__ts_kkt_47_19_payment_mix_contam_0.05__top_kkt_days.csv,C:\Users\ivan\WORK\workshops\ICDM\Ablation\kkt_anomaly_outputs\results_csv\ts__ts_kkt_47_19_payment_mix_contam_0.05__device_aggregated_scores.csv,
C:\Users\ivan\WORK\workshops\ICDM\Ablation\kkt_anomaly_outputs\results_json\ts__ts_kkt_47_19_peer_deviation_contam_0.01.json,ok,ts_kkt_day_level,ts_kkt_47_19,peer_deviation,0.01,1425172,15491.0,6,0.99999709603294,,14252.0,1.0,0.05191973561017934,126.05701494216919,C:\Users\ivan\WORK\workshops\ICDM\Ablation\kkt_anomaly_outputs\results_csv\ts__ts_kkt_47_19_peer_deviation_contam_0.01__ranked_kkt_days.csv,C:\Users\ivan\WORK\workshops\ICDM\Ablation\kkt_anomaly_outputs\results_csv\ts__ts_kkt_47_19_peer_deviation_contam_0.01__top_kkt_days.csv,C:\Users\ivan\WORK\workshops\ICDM\Ablation\kkt_anomaly_outputs\results_csv\ts__ts_kkt_47_19_peer_deviation_contam_0.01__device_aggregated_scores.csv,
C:\Users\ivan\WORK\workshops\ICDM\Ablation\kkt_anomaly_outputs\results_json\ts__ts_kkt_47_19_peer_deviation_contam_0.03.json,ok,ts_kkt_day_level,ts_kkt_47_19,peer_deviation,0.03,1425172,15491.0,6,0.7756281809813191,,42756.0,1.0,0.05191973561017934,127.14499711990356,C:\Users\ivan\WORK\workshops\ICDM\Ablation\kkt_anomaly_outputs\results_csv\ts__ts_kkt_47_19_peer_deviation_contam_0.03__ranked_kkt_days.csv,C:\Users\ivan\WORK\workshops\ICDM\Ablation\kkt_anomaly_outputs\results_csv\ts__ts_kkt_47_19_peer_deviation_contam_0.03__top_kkt_days.csv,C:\Users\ivan\WORK\workshops\ICDM\Ablation\kkt_anomaly_outputs\results_csv\ts__ts_kkt_47_19_peer_deviation_contam_0.03__device_aggregated_scores.csv,
C:\Users\ivan\WORK\workshops\ICDM\Ablation\kkt_anomaly_outputs\results_json\ts__ts_kkt_47_19_peer_deviation_contam_0.05.json,ok,ts_kkt_day_level,ts_kkt_47_19,peer_deviation,0.05,1425172,15491.0,6,0.6084640973684773,,71259.0,1.0,0.05191973561017934,125.92900276184082,C:\Users\ivan\WORK\workshops\ICDM\Ablation\kkt_anomaly_outputs\results_csv\ts__ts_kkt_47_19_peer_deviation_contam_0.05__ranked_kkt_days.csv,C:\Users\ivan\WORK\workshops\ICDM\Ablation\kkt_anomaly_outputs\results_csv\ts__ts_kkt_47_19_peer_deviation_contam_0.05__top_kkt_days.csv,C:\Users\ivan\WORK\workshops\ICDM\Ablation\kkt_anomaly_outputs\results_csv\ts__ts_kkt_47_19_peer_deviation_contam_0.05__device_aggregated_scores.csv,
C:\Users\ivan\WORK\workshops\ICDM\Ablation\kkt_anomaly_outputs\results_json\ts__ts_kkt_47_19_rolling_deviation_contam_0.01.json,ok,ts_kkt_day_level,ts_kkt_47_19,rolling_deviation,0.01,1425172,15491.0,48,0.9999915443030508,,14252.0,1.0,0.05461703658020121,139.47000217437744,C:\Users\ivan\WORK\workshops\ICDM\Ablation\kkt_anomaly_outputs\results_csv\ts__ts_kkt_47_19_rolling_deviation_contam_0.01__ranked_kkt_days.csv,C:\Users\ivan\WORK\workshops\ICDM\Ablation\kkt_anomaly_outputs\results_csv\ts__ts_kkt_47_19_rolling_deviation_contam_0.01__top_kkt_days.csv,C:\Users\ivan\WORK\workshops\ICDM\Ablation\kkt_anomaly_outputs\results_csv\ts__ts_kkt_47_19_rolling_deviation_contam_0.01__device_aggregated_scores.csv,
C:\Users\ivan\WORK\workshops\ICDM\Ablation\kkt_anomaly_outputs\results_json\ts__ts_kkt_47_19_rolling_deviation_contam_0.03.json,ok,ts_kkt_day_level,ts_kkt_47_19,rolling_deviation,0.03,1425172,15491.0,48,0.3382763366044097,,42756.0,1.0,0.05461703658020121,139.80499792099,C:\Users\ivan\WORK\workshops\ICDM\Ablation\kkt_anomaly_outputs\results_csv\ts__ts_kkt_47_19_rolling_deviation_contam_0.03__ranked_kkt_days.csv,C:\Users\ivan\WORK\workshops\ICDM\Ablation\kkt_anomaly_outputs\results_csv\ts__ts_kkt_47_19_rolling_deviation_contam_0.03__top_kkt_days.csv,C:\Users\ivan\WORK\workshops\ICDM\Ablation\kkt_anomaly_outputs\results_csv\ts__ts_kkt_47_19_rolling_deviation_contam_0.03__device_aggregated_scores.csv,
C:\Users\ivan\WORK\workshops\ICDM\Ablation\kkt_anomaly_outputs\results_json\ts__ts_kkt_47_19_rolling_deviation_contam_0.05.json,ok,ts_kkt_day_level,ts_kkt_47_19,rolling_deviation,0.05,1425172,15491.0,48,0.2680422117095116,,71259.0,1.0,0.05461703658020121,138.55100178718567,C:\Users\ivan\WORK\workshops\ICDM\Ablation\kkt_anomaly_outputs\results_csv\ts__ts_kkt_47_19_rolling_deviation_contam_0.05__ranked_kkt_days.csv,C:\Users\ivan\WORK\workshops\ICDM\Ablation\kkt_anomaly_outputs\results_csv\ts__ts_kkt_47_19_rolling_deviation_contam_0.05__top_kkt_days.csv,C:\Users\ivan\WORK\workshops\ICDM\Ablation\kkt_anomaly_outputs\results_csv\ts__ts_kkt_47_19_rolling_deviation_contam_0.05__device_aggregated_scores.csv,
C:\Users\ivan\WORK\workshops\ICDM\Ablation\kkt_anomaly_outputs\results_json\ts__ts_kkt_47_19_turnover_contam_0.01.json,ok,ts_kkt_day_level,ts_kkt_47_19,turnover,0.01,1425172,15491.0,42,0.9999995542745599,,14252.0,1.0,0.2098103440632694,144.00899600982666,C:\Users\ivan\WORK\workshops\ICDM\Ablation\kkt_anomaly_outputs\results_csv\ts__ts_kkt_47_19_turnover_contam_0.01__ranked_kkt_days.csv,C:\Users\ivan\WORK\workshops\ICDM\Ablation\kkt_anomaly_outputs\results_csv\ts__ts_kkt_47_19_turnover_contam_0.01__top_kkt_days.csv,C:\Users\ivan\WORK\workshops\ICDM\Ablation\kkt_anomaly_outputs\results_csv\ts__ts_kkt_47_19_turnover_contam_0.01__device_aggregated_scores.csv,
C:\Users\ivan\WORK\workshops\ICDM\Ablation\kkt_anomaly_outputs\results_json\ts__ts_kkt_47_19_turnover_contam_0.03.json,ok,ts_kkt_day_level,ts_kkt_47_19,turnover,0.03,1425172,15491.0,42,0.6071554391005742,,42756.0,1.0,0.2098103440632694,141.80800127983093,C:\Users\ivan\WORK\workshops\ICDM\Ablation\kkt_anomaly_outputs\results_csv\ts__ts_kkt_47_19_turnover_contam_0.03__ranked_kkt_days.csv,C:\Users\ivan\WORK\workshops\ICDM\Ablation\kkt_anomaly_outputs\results_csv\ts__ts_kkt_47_19_turnover_contam_0.03__top_kkt_days.csv,C:\Users\ivan\WORK\workshops\ICDM\Ablation\kkt_anomaly_outputs\results_csv\ts__ts_kkt_47_19_turnover_contam_0.03__device_aggregated_scores.csv,
C:\Users\ivan\WORK\workshops\ICDM\Ablation\kkt_anomaly_outputs\results_json\ts__ts_kkt_47_19_turnover_contam_0.05.json,ok,ts_kkt_day_level,ts_kkt_47_19,turnover,0.05,1425172,15491.0,42,0.468760616112563,,71259.0,1.0,0.2098103440632694,141.90800070762634,C:\Users\ivan\WORK\workshops\ICDM\Ablation\kkt_anomaly_outputs\results_csv\ts__ts_kkt_47_19_turnover_contam_0.05__ranked_kkt_days.csv,C:\Users\ivan\WORK\workshops\ICDM\Ablation\kkt_anomaly_outputs\results_csv\ts__ts_kkt_47_19_turnover_contam_0.05__top_kkt_days.csv,C:\Users\ivan\WORK\workshops\ICDM\Ablation\kkt_anomaly_outputs\results_csv\ts__ts_kkt_47_19_turnover_contam_0.05__device_aggregated_scores.csv,
C:\Users\ivan\WORK\workshops\ICDM\Ablation\kkt_anomaly_outputs\results_json\agg__agg_kkt_47_11_benford_contam_0.01.json,skipped_no_features,,agg_kkt_47_11,benford,0.01,34443,,0,,,,,,,,,,
C:\Users\ivan\WORK\workshops\ICDM\Ablation\kkt_anomaly_outputs\results_json\agg__agg_kkt_47_11_benford_contam_0.03.json,skipped_no_features,,agg_kkt_47_11,benford,0.03,34443,,0,,,,,,,,,,
C:\Users\ivan\WORK\workshops\ICDM\Ablation\kkt_anomaly_outputs\results_json\agg__agg_kkt_47_11_benford_contam_0.05.json,skipped_no_features,,agg_kkt_47_11,benford,0.05,34443,,0,,,,,,,,,,
C:\Users\ivan\WORK\workshops\ICDM\Ablation\kkt_anomaly_outputs\results_json\agg__agg_kkt_47_11_cross_corr_contam_0.01.json,skipped_no_features,,agg_kkt_47_11,cross_corr,0.01,34443,,0,,,,,,,,,,
C:\Users\ivan\WORK\workshops\ICDM\Ablation\kkt_anomaly_outputs\results_json\agg__agg_kkt_47_11_cross_corr_contam_0.03.json,skipped_no_features,,agg_kkt_47_11,cross_corr,0.03,34443,,0,,,,,,,,,,
C:\Users\ivan\WORK\workshops\ICDM\Ablation\kkt_anomaly_outputs\results_json\agg__agg_kkt_47_11_cross_corr_contam_0.05.json,skipped_no_features,,agg_kkt_47_11,cross_corr,0.05,34443,,0,,,,,,,,,,
C:\Users\ivan\WORK\workshops\ICDM\Ablation\kkt_anomaly_outputs\results_json\agg__agg_kkt_47_11_shape_complexity_contam_0.01.json,skipped_no_features,,agg_kkt_47_11,shape_complexity,0.01,34443,,0,,,,,,,,,,
C:\Users\ivan\WORK\workshops\ICDM\Ablation\kkt_anomaly_outputs\results_json\agg__agg_kkt_47_11_shape_complexity_contam_0.03.json,skipped_no_features,,agg_kkt_47_11,shape_complexity,0.03,34443,,0,,,,,,,,,,
C:\Users\ivan\WORK\workshops\ICDM\Ablation\kkt_anomaly_outputs\results_json\agg__agg_kkt_47_11_shape_complexity_contam_0.05.json,skipped_no_features,,agg_kkt_47_11,shape_complexity,0.05,34443,,0,,,,,,,,,,
C:\Users\ivan\WORK\workshops\ICDM\Ablation\kkt_anomaly_outputs\results_json\agg__agg_kkt_47_11_temporal_contam_0.01.json,skipped_no_features,,agg_kkt_47_11,temporal,0.01,34443,,0,,,,,,,,,,
C:\Users\ivan\WORK\workshops\ICDM\Ablation\kkt_anomaly_outputs\results_json\agg__agg_kkt_47_11_temporal_contam_0.03.json,skipped_no_features,,agg_kkt_47_11,temporal,0.03,34443,,0,,,,,,,,,,
C:\Users\ivan\WORK\workshops\ICDM\Ablation\kkt_anomaly_outputs\results_json\agg__agg_kkt_47_11_temporal_contam_0.05.json,skipped_no_features,,agg_kkt_47_11,temporal,0.05,34443,,0,,,,,,,,,,
C:\Users\ivan\WORK\workshops\ICDM\Ablation\kkt_anomaly_outputs\results_json\agg__agg_kkt_47_19_benford_contam_0.01.json,skipped_no_features,,agg_kkt_47_19,benford,0.01,15491,,0,,,,,,,,,,
C:\Users\ivan\WORK\workshops\ICDM\Ablation\kkt_anomaly_outputs\results_json\agg__agg_kkt_47_19_benford_contam_0.03.json,skipped_no_features,,agg_kkt_47_19,benford,0.03,15491,,0,,,,,,,,,,
C:\Users\ivan\WORK\workshops\ICDM\Ablation\kkt_anomaly_outputs\results_json\agg__agg_kkt_47_19_benford_contam_0.05.json,skipped_no_features,,agg_kkt_47_19,benford,0.05,15491,,0,,,,,,,,,,
C:\Users\ivan\WORK\workshops\ICDM\Ablation\kkt_anomaly_outputs\results_json\agg__agg_kkt_47_19_cross_corr_contam_0.01.json,skipped_no_features,,agg_kkt_47_19,cross_corr,0.01,15491,,0,,,,,,,,,,
C:\Users\ivan\WORK\workshops\ICDM\Ablation\kkt_anomaly_outputs\results_json\agg__agg_kkt_47_19_cross_corr_contam_0.03.json,skipped_no_features,,agg_kkt_47_19,cross_corr,0.03,15491,,0,,,,,,,,,,
C:\Users\ivan\WORK\workshops\ICDM\Ablation\kkt_anomaly_outputs\results_json\agg__agg_kkt_47_19_cross_corr_contam_0.05.json,skipped_no_features,,agg_kkt_47_19,cross_corr,0.05,15491,,0,,,,,,,,,,
C:\Users\ivan\WORK\workshops\ICDM\Ablation\kkt_anomaly_outputs\results_json\agg__agg_kkt_47_19_shape_complexity_contam_0.01.json,skipped_no_features,,agg_kkt_47_19,shape_complexity,0.01,15491,,0,,,,,,,,,,
C:\Users\ivan\WORK\workshops\ICDM\Ablation\kkt_anomaly_outputs\results_json\agg__agg_kkt_47_19_shape_complexity_contam_0.03.json,skipped_no_features,,agg_kkt_47_19,shape_complexity,0.03,15491,,0,,,,,,,,,,
C:\Users\ivan\WORK\workshops\ICDM\Ablation\kkt_anomaly_outputs\results_json\agg__agg_kkt_47_19_shape_complexity_contam_0.05.json,skipped_no_features,,agg_kkt_47_19,shape_complexity,0.05,15491,,0,,,,,,,,,,
C:\Users\ivan\WORK\workshops\ICDM\Ablation\kkt_anomaly_outputs\results_json\agg__agg_kkt_47_19_temporal_contam_0.01.json,skipped_no_features,,agg_kkt_47_19,temporal,0.01,15491,,0,,,,,,,,,,
C:\Users\ivan\WORK\workshops\ICDM\Ablation\kkt_anomaly_outputs\results_json\agg__agg_kkt_47_19_temporal_contam_0.03.json,skipped_no_features,,agg_kkt_47_19,temporal,0.03,15491,,0,,,,,,,,,,
C:\Users\ivan\WORK\workshops\ICDM\Ablation\kkt_anomaly_outputs\results_json\agg__agg_kkt_47_19_temporal_contam_0.05.json,skipped_no_features,,agg_kkt_47_19,temporal,0.05,15491,,0,,,,,,,,,,
