file,path,status,error,stage,dataset,group,contamination,n_rows,n_devices,n_features,n_top_anomalies,n_top_anomaly_days,runtime_sec,ranked_csv,top_csv,device_csv
agg__agg_kkt_47_11_all_numeric_contam_0.01.json,C:\Users\ivan\WORK\workshops\ICDM\Ablation\kkt_anomaly_outputs\results_json\agg__agg_kkt_47_11_all_numeric_contam_0.01.json,ok,,agg_kkt_level,agg_kkt_47_11,all_numeric,0.01,34443,,150,345.0,,21.924367427825928,C:\Users\ivan\WORK\workshops\ICDM\Ablation\kkt_anomaly_outputs\results_csv\agg__agg_kkt_47_11_all_numeric_contam_0.01__ranked.csv,C:\Users\ivan\WORK\workshops\ICDM\Ablation\kkt_anomaly_outputs\results_csv\agg__agg_kkt_47_11_all_numeric_contam_0.01__top_anomalies.csv,
agg__agg_kkt_47_11_all_numeric_contam_0.03.json,C:\Users\ivan\WORK\workshops\ICDM\Ablation\kkt_anomaly_outputs\results_json\agg__agg_kkt_47_11_all_numeric_contam_0.03.json,ok,,agg_kkt_level,agg_kkt_47_11,all_numeric,0.03,34443,,150,1034.0,,18.555602073669434,C:\Users\ivan\WORK\workshops\ICDM\Ablation\kkt_anomaly_outputs\results_csv\agg__agg_kkt_47_11_all_numeric_contam_0.03__ranked.csv,C:\Users\ivan\WORK\workshops\ICDM\Ablation\kkt_anomaly_outputs\results_csv\agg__agg_kkt_47_11_all_numeric_contam_0.03__top_anomalies.csv,
agg__agg_kkt_47_11_all_numeric_contam_0.05.json,C:\Users\ivan\WORK\workshops\ICDM\Ablation\kkt_anomaly_outputs\results_json\agg__agg_kkt_47_11_all_numeric_contam_0.05.json,ok,,agg_kkt_level,agg_kkt_47_11,all_numeric,0.05,34443,,150,1723.0,,19.88470149040222,C:\Users\ivan\WORK\workshops\ICDM\Ablation\kkt_anomaly_outputs\results_csv\agg__agg_kkt_47_11_all_numeric_contam_0.05__ranked.csv,C:\Users\ivan\WORK\workshops\ICDM\Ablation\kkt_anomaly_outputs\results_csv\agg__agg_kkt_47_11_all_numeric_contam_0.05__top_anomalies.csv,
agg__agg_kkt_47_11_benford_contam_0.01.json,C:\Users\ivan\WORK\workshops\ICDM\Ablation\kkt_anomaly_outputs\results_json\agg__agg_kkt_47_11_benford_contam_0.01.json,skipped_no_features,,,agg_kkt_47_11,benford,0.01,34443,,0,,,,,,
agg__agg_kkt_47_11_benford_contam_0.03.json,C:\Users\ivan\WORK\workshops\ICDM\Ablation\kkt_anomaly_outputs\results_json\agg__agg_kkt_47_11_benford_contam_0.03.json,skipped_no_features,,,agg_kkt_47_11,benford,0.03,34443,,0,,,,,,
agg__agg_kkt_47_11_benford_contam_0.05.json,C:\Users\ivan\WORK\workshops\ICDM\Ablation\kkt_anomaly_outputs\results_json\agg__agg_kkt_47_11_benford_contam_0.05.json,skipped_no_features,,,agg_kkt_47_11,benford,0.05,34443,,0,,,,,,
agg__agg_kkt_47_11_bills_contam_0.01.json,C:\Users\ivan\WORK\workshops\ICDM\Ablation\kkt_anomaly_outputs\results_json\agg__agg_kkt_47_11_bills_contam_0.01.json,ok,,agg_kkt_level,agg_kkt_47_11,bills,0.01,34443,,11,345.0,,24.62763214111328,C:\Users\ivan\WORK\workshops\ICDM\Ablation\kkt_anomaly_outputs\results_csv\agg__agg_kkt_47_11_bills_contam_0.01__ranked.csv,C:\Users\ivan\WORK\workshops\ICDM\Ablation\kkt_anomaly_outputs\results_csv\agg__agg_kkt_47_11_bills_contam_0.01__top_anomalies.csv,
agg__agg_kkt_47_11_bills_contam_0.03.json,C:\Users\ivan\WORK\workshops\ICDM\Ablation\kkt_anomaly_outputs\results_json\agg__agg_kkt_47_11_bills_contam_0.03.json,ok,,agg_kkt_level,agg_kkt_47_11,bills,0.03,34443,,11,1034.0,,26.645548820495605,C:\Users\ivan\WORK\workshops\ICDM\Ablation\kkt_anomaly_outputs\results_csv\agg__agg_kkt_47_11_bills_contam_0.03__ranked.csv,C:\Users\ivan\WORK\workshops\ICDM\Ablation\kkt_anomaly_outputs\results_csv\agg__agg_kkt_47_11_bills_contam_0.03__top_anomalies.csv,
agg__agg_kkt_47_11_bills_contam_0.05.json,C:\Users\ivan\WORK\workshops\ICDM\Ablation\kkt_anomaly_outputs\results_json\agg__agg_kkt_47_11_bills_contam_0.05.json,ok,,agg_kkt_level,agg_kkt_47_11,bills,0.05,34443,,11,1723.0,,26.97125005722046,C:\Users\ivan\WORK\workshops\ICDM\Ablation\kkt_anomaly_outputs\results_csv\agg__agg_kkt_47_11_bills_contam_0.05__ranked.csv,C:\Users\ivan\WORK\workshops\ICDM\Ablation\kkt_anomaly_outputs\results_csv\agg__agg_kkt_47_11_bills_contam_0.05__top_anomalies.csv,
agg__agg_kkt_47_11_cross_corr_contam_0.01.json,C:\Users\ivan\WORK\workshops\ICDM\Ablation\kkt_anomaly_outputs\results_json\agg__agg_kkt_47_11_cross_corr_contam_0.01.json,skipped_no_features,,,agg_kkt_47_11,cross_corr,0.01,34443,,0,,,,,,
agg__agg_kkt_47_11_cross_corr_contam_0.03.json,C:\Users\ivan\WORK\workshops\ICDM\Ablation\kkt_anomaly_outputs\results_json\agg__agg_kkt_47_11_cross_corr_contam_0.03.json,skipped_no_features,,,agg_kkt_47_11,cross_corr,0.03,34443,,0,,,,,,
agg__agg_kkt_47_11_cross_corr_contam_0.05.json,C:\Users\ivan\WORK\workshops\ICDM\Ablation\kkt_anomaly_outputs\results_json\agg__agg_kkt_47_11_cross_corr_contam_0.05.json,skipped_no_features,,,agg_kkt_47_11,cross_corr,0.05,34443,,0,,,,,,
agg__agg_kkt_47_11_items_price_contam_0.01.json,C:\Users\ivan\WORK\workshops\ICDM\Ablation\kkt_anomaly_outputs\results_json\agg__agg_kkt_47_11_items_price_contam_0.01.json,ok,,agg_kkt_level,agg_kkt_47_11,items_price,0.01,34443,,8,345.0,,28.087613821029663,C:\Users\ivan\WORK\workshops\ICDM\Ablation\kkt_anomaly_outputs\results_csv\agg__agg_kkt_47_11_items_price_contam_0.01__ranked.csv,C:\Users\ivan\WORK\workshops\ICDM\Ablation\kkt_anomaly_outputs\results_csv\agg__agg_kkt_47_11_items_price_contam_0.01__top_anomalies.csv,
agg__agg_kkt_47_11_items_price_contam_0.03.json,C:\Users\ivan\WORK\workshops\ICDM\Ablation\kkt_anomaly_outputs\results_json\agg__agg_kkt_47_11_items_price_contam_0.03.json,ok,,agg_kkt_level,agg_kkt_47_11,items_price,0.03,34443,,8,1034.0,,27.954680681228638,C:\Users\ivan\WORK\workshops\ICDM\Ablation\kkt_anomaly_outputs\results_csv\agg__agg_kkt_47_11_items_price_contam_0.03__ranked.csv,C:\Users\ivan\WORK\workshops\ICDM\Ablation\kkt_anomaly_outputs\results_csv\agg__agg_kkt_47_11_items_price_contam_0.03__top_anomalies.csv,
agg__agg_kkt_47_11_items_price_contam_0.05.json,C:\Users\ivan\WORK\workshops\ICDM\Ablation\kkt_anomaly_outputs\results_json\agg__agg_kkt_47_11_items_price_contam_0.05.json,ok,,agg_kkt_level,agg_kkt_47_11,items_price,0.05,34443,,8,1723.0,,25.60054874420166,C:\Users\ivan\WORK\workshops\ICDM\Ablation\kkt_anomaly_outputs\results_csv\agg__agg_kkt_47_11_items_price_contam_0.05__ranked.csv,C:\Users\ivan\WORK\workshops\ICDM\Ablation\kkt_anomaly_outputs\results_csv\agg__agg_kkt_47_11_items_price_contam_0.05__top_anomalies.csv,
agg__agg_kkt_47_11_non_temporal_contam_0.01.json,C:\Users\ivan\WORK\workshops\ICDM\Ablation\kkt_anomaly_outputs\results_json\agg__agg_kkt_47_11_non_temporal_contam_0.01.json,ok,,agg_kkt_level,agg_kkt_47_11,non_temporal,0.01,34443,,150,345.0,,18.72800326347351,C:\Users\ivan\WORK\workshops\ICDM\Ablation\kkt_anomaly_outputs\results_csv\agg__agg_kkt_47_11_non_temporal_contam_0.01__ranked.csv,C:\Users\ivan\WORK\workshops\ICDM\Ablation\kkt_anomaly_outputs\results_csv\agg__agg_kkt_47_11_non_temporal_contam_0.01__top_anomalies.csv,
agg__agg_kkt_47_11_non_temporal_contam_0.03.json,C:\Users\ivan\WORK\workshops\ICDM\Ablation\kkt_anomaly_outputs\results_json\agg__agg_kkt_47_11_non_temporal_contam_0.03.json,ok,,agg_kkt_level,agg_kkt_47_11,non_temporal,0.03,34443,,150,1034.0,,16.57300090789795,C:\Users\ivan\WORK\workshops\ICDM\Ablation\kkt_anomaly_outputs\results_csv\agg__agg_kkt_47_11_non_temporal_contam_0.03__ranked.csv,C:\Users\ivan\WORK\workshops\ICDM\Ablation\kkt_anomaly_outputs\results_csv\agg__agg_kkt_47_11_non_temporal_contam_0.03__top_anomalies.csv,
agg__agg_kkt_47_11_non_temporal_contam_0.05.json,C:\Users\ivan\WORK\workshops\ICDM\Ablation\kkt_anomaly_outputs\results_json\agg__agg_kkt_47_11_non_temporal_contam_0.05.json,ok,,agg_kkt_level,agg_kkt_47_11,non_temporal,0.05,34443,,150,1723.0,,16.777996063232422,C:\Users\ivan\WORK\workshops\ICDM\Ablation\kkt_anomaly_outputs\results_csv\agg__agg_kkt_47_11_non_temporal_contam_0.05__ranked.csv,C:\Users\ivan\WORK\workshops\ICDM\Ablation\kkt_anomaly_outputs\results_csv\agg__agg_kkt_47_11_non_temporal_contam_0.05__top_anomalies.csv,
agg__agg_kkt_47_11_payment_mix_contam_0.01.json,C:\Users\ivan\WORK\workshops\ICDM\Ablation\kkt_anomaly_outputs\results_json\agg__agg_kkt_47_11_payment_mix_contam_0.01.json,ok,,agg_kkt_level,agg_kkt_47_11,payment_mix,0.01,34443,,22,345.0,,16.983002185821533,C:\Users\ivan\WORK\workshops\ICDM\Ablation\kkt_anomaly_outputs\results_csv\agg__agg_kkt_47_11_payment_mix_contam_0.01__ranked.csv,C:\Users\ivan\WORK\workshops\ICDM\Ablation\kkt_anomaly_outputs\results_csv\agg__agg_kkt_47_11_payment_mix_contam_0.01__top_anomalies.csv,
agg__agg_kkt_47_11_payment_mix_contam_0.03.json,C:\Users\ivan\WORK\workshops\ICDM\Ablation\kkt_anomaly_outputs\results_json\agg__agg_kkt_47_11_payment_mix_contam_0.03.json,ok,,agg_kkt_level,agg_kkt_47_11,payment_mix,0.03,34443,,22,1034.0,,17.343998908996582,C:\Users\ivan\WORK\workshops\ICDM\Ablation\kkt_anomaly_outputs\results_csv\agg__agg_kkt_47_11_payment_mix_contam_0.03__ranked.csv,C:\Users\ivan\WORK\workshops\ICDM\Ablation\kkt_anomaly_outputs\results_csv\agg__agg_kkt_47_11_payment_mix_contam_0.03__top_anomalies.csv,
agg__agg_kkt_47_11_payment_mix_contam_0.05.json,C:\Users\ivan\WORK\workshops\ICDM\Ablation\kkt_anomaly_outputs\results_json\agg__agg_kkt_47_11_payment_mix_contam_0.05.json,ok,,agg_kkt_level,agg_kkt_47_11,payment_mix,0.05,34443,,22,1723.0,,17.447999715805054,C:\Users\ivan\WORK\workshops\ICDM\Ablation\kkt_anomaly_outputs\results_csv\agg__agg_kkt_47_11_payment_mix_contam_0.05__ranked.csv,C:\Users\ivan\WORK\workshops\ICDM\Ablation\kkt_anomaly_outputs\results_csv\agg__agg_kkt_47_11_payment_mix_contam_0.05__top_anomalies.csv,
agg__agg_kkt_47_11_shape_complexity_contam_0.01.json,C:\Users\ivan\WORK\workshops\ICDM\Ablation\kkt_anomaly_outputs\results_json\agg__agg_kkt_47_11_shape_complexity_contam_0.01.json,skipped_no_features,,,agg_kkt_47_11,shape_complexity,0.01,34443,,0,,,,,,
agg__agg_kkt_47_11_shape_complexity_contam_0.03.json,C:\Users\ivan\WORK\workshops\ICDM\Ablation\kkt_anomaly_outputs\results_json\agg__agg_kkt_47_11_shape_complexity_contam_0.03.json,skipped_no_features,,,agg_kkt_47_11,shape_complexity,0.03,34443,,0,,,,,,
agg__agg_kkt_47_11_shape_complexity_contam_0.05.json,C:\Users\ivan\WORK\workshops\ICDM\Ablation\kkt_anomaly_outputs\results_json\agg__agg_kkt_47_11_shape_complexity_contam_0.05.json,skipped_no_features,,,agg_kkt_47_11,shape_complexity,0.05,34443,,0,,,,,,
agg__agg_kkt_47_11_simple_core_contam_0.01.json,C:\Users\ivan\WORK\workshops\ICDM\Ablation\kkt_anomaly_outputs\results_json\agg__agg_kkt_47_11_simple_core_contam_0.01.json,ok,,agg_kkt_level,agg_kkt_47_11,simple_core,0.01,34443,,138,345.0,,17.938002347946167,C:\Users\ivan\WORK\workshops\ICDM\Ablation\kkt_anomaly_outputs\results_csv\agg__agg_kkt_47_11_simple_core_contam_0.01__ranked.csv,C:\Users\ivan\WORK\workshops\ICDM\Ablation\kkt_anomaly_outputs\results_csv\agg__agg_kkt_47_11_simple_core_contam_0.01__top_anomalies.csv,
agg__agg_kkt_47_11_simple_core_contam_0.03.json,C:\Users\ivan\WORK\workshops\ICDM\Ablation\kkt_anomaly_outputs\results_json\agg__agg_kkt_47_11_simple_core_contam_0.03.json,ok,,agg_kkt_level,agg_kkt_47_11,simple_core,0.03,34443,,138,1034.0,,16.599002361297607,C:\Users\ivan\WORK\workshops\ICDM\Ablation\kkt_anomaly_outputs\results_csv\agg__agg_kkt_47_11_simple_core_contam_0.03__ranked.csv,C:\Users\ivan\WORK\workshops\ICDM\Ablation\kkt_anomaly_outputs\results_csv\agg__agg_kkt_47_11_simple_core_contam_0.03__top_anomalies.csv,
agg__agg_kkt_47_11_simple_core_contam_0.05.json,C:\Users\ivan\WORK\workshops\ICDM\Ablation\kkt_anomaly_outputs\results_json\agg__agg_kkt_47_11_simple_core_contam_0.05.json,ok,,agg_kkt_level,agg_kkt_47_11,simple_core,0.05,34443,,138,1723.0,,16.401012182235718,C:\Users\ivan\WORK\workshops\ICDM\Ablation\kkt_anomaly_outputs\results_csv\agg__agg_kkt_47_11_simple_core_contam_0.05__ranked.csv,C:\Users\ivan\WORK\workshops\ICDM\Ablation\kkt_anomaly_outputs\results_csv\agg__agg_kkt_47_11_simple_core_contam_0.05__top_anomalies.csv,
agg__agg_kkt_47_11_temporal_contam_0.01.json,C:\Users\ivan\WORK\workshops\ICDM\Ablation\kkt_anomaly_outputs\results_json\agg__agg_kkt_47_11_temporal_contam_0.01.json,skipped_no_features,,,agg_kkt_47_11,temporal,0.01,34443,,0,,,,,,
agg__agg_kkt_47_11_temporal_contam_0.03.json,C:\Users\ivan\WORK\workshops\ICDM\Ablation\kkt_anomaly_outputs\results_json\agg__agg_kkt_47_11_temporal_contam_0.03.json,skipped_no_features,,,agg_kkt_47_11,temporal,0.03,34443,,0,,,,,,
agg__agg_kkt_47_11_temporal_contam_0.05.json,C:\Users\ivan\WORK\workshops\ICDM\Ablation\kkt_anomaly_outputs\results_json\agg__agg_kkt_47_11_temporal_contam_0.05.json,skipped_no_features,,,agg_kkt_47_11,temporal,0.05,34443,,0,,,,,,
agg__agg_kkt_47_11_turnover_contam_0.01.json,C:\Users\ivan\WORK\workshops\ICDM\Ablation\kkt_anomaly_outputs\results_json\agg__agg_kkt_47_11_turnover_contam_0.01.json,ok,,agg_kkt_level,agg_kkt_47_11,turnover,0.01,34443,,107,345.0,,20.26685619354248,C:\Users\ivan\WORK\workshops\ICDM\Ablation\kkt_anomaly_outputs\results_csv\agg__agg_kkt_47_11_turnover_contam_0.01__ranked.csv,C:\Users\ivan\WORK\workshops\ICDM\Ablation\kkt_anomaly_outputs\results_csv\agg__agg_kkt_47_11_turnover_contam_0.01__top_anomalies.csv,
agg__agg_kkt_47_11_turnover_contam_0.03.json,C:\Users\ivan\WORK\workshops\ICDM\Ablation\kkt_anomaly_outputs\results_json\agg__agg_kkt_47_11_turnover_contam_0.03.json,ok,,agg_kkt_level,agg_kkt_47_11,turnover,0.03,34443,,107,1034.0,,18.288036108016968,C:\Users\ivan\WORK\workshops\ICDM\Ablation\kkt_anomaly_outputs\results_csv\agg__agg_kkt_47_11_turnover_contam_0.03__ranked.csv,C:\Users\ivan\WORK\workshops\ICDM\Ablation\kkt_anomaly_outputs\results_csv\agg__agg_kkt_47_11_turnover_contam_0.03__top_anomalies.csv,
agg__agg_kkt_47_11_turnover_contam_0.05.json,C:\Users\ivan\WORK\workshops\ICDM\Ablation\kkt_anomaly_outputs\results_json\agg__agg_kkt_47_11_turnover_contam_0.05.json,ok,,agg_kkt_level,agg_kkt_47_11,turnover,0.05,34443,,107,1723.0,,17.53811001777649,C:\Users\ivan\WORK\workshops\ICDM\Ablation\kkt_anomaly_outputs\results_csv\agg__agg_kkt_47_11_turnover_contam_0.05__ranked.csv,C:\Users\ivan\WORK\workshops\ICDM\Ablation\kkt_anomaly_outputs\results_csv\agg__agg_kkt_47_11_turnover_contam_0.05__top_anomalies.csv,
agg__agg_kkt_47_19_all_numeric_contam_0.01.json,C:\Users\ivan\WORK\workshops\ICDM\Ablation\kkt_anomaly_outputs\results_json\agg__agg_kkt_47_19_all_numeric_contam_0.01.json,ok,,agg_kkt_level,agg_kkt_47_19,all_numeric,0.01,15491,,150,155.0,,7.052000999450684,C:\Users\ivan\WORK\workshops\ICDM\Ablation\kkt_anomaly_outputs\results_csv\agg__agg_kkt_47_19_all_numeric_contam_0.01__ranked.csv,C:\Users\ivan\WORK\workshops\ICDM\Ablation\kkt_anomaly_outputs\results_csv\agg__agg_kkt_47_19_all_numeric_contam_0.01__top_anomalies.csv,
agg__agg_kkt_47_19_all_numeric_contam_0.03.json,C:\Users\ivan\WORK\workshops\ICDM\Ablation\kkt_anomaly_outputs\results_json\agg__agg_kkt_47_19_all_numeric_contam_0.03.json,ok,,agg_kkt_level,agg_kkt_47_19,all_numeric,0.03,15491,,150,465.0,,7.185003995895386,C:\Users\ivan\WORK\workshops\ICDM\Ablation\kkt_anomaly_outputs\results_csv\agg__agg_kkt_47_19_all_numeric_contam_0.03__ranked.csv,C:\Users\ivan\WORK\workshops\ICDM\Ablation\kkt_anomaly_outputs\results_csv\agg__agg_kkt_47_19_all_numeric_contam_0.03__top_anomalies.csv,
agg__agg_kkt_47_19_all_numeric_contam_0.05.json,C:\Users\ivan\WORK\workshops\ICDM\Ablation\kkt_anomaly_outputs\results_json\agg__agg_kkt_47_19_all_numeric_contam_0.05.json,ok,,agg_kkt_level,agg_kkt_47_19,all_numeric,0.05,15491,,150,775.0,,9.373003005981445,C:\Users\ivan\WORK\workshops\ICDM\Ablation\kkt_anomaly_outputs\results_csv\agg__agg_kkt_47_19_all_numeric_contam_0.05__ranked.csv,C:\Users\ivan\WORK\workshops\ICDM\Ablation\kkt_anomaly_outputs\results_csv\agg__agg_kkt_47_19_all_numeric_contam_0.05__top_anomalies.csv,
agg__agg_kkt_47_19_benford_contam_0.01.json,C:\Users\ivan\WORK\workshops\ICDM\Ablation\kkt_anomaly_outputs\results_json\agg__agg_kkt_47_19_benford_contam_0.01.json,skipped_no_features,,,agg_kkt_47_19,benford,0.01,15491,,0,,,,,,
agg__agg_kkt_47_19_benford_contam_0.03.json,C:\Users\ivan\WORK\workshops\ICDM\Ablation\kkt_anomaly_outputs\results_json\agg__agg_kkt_47_19_benford_contam_0.03.json,skipped_no_features,,,agg_kkt_47_19,benford,0.03,15491,,0,,,,,,
agg__agg_kkt_47_19_benford_contam_0.05.json,C:\Users\ivan\WORK\workshops\ICDM\Ablation\kkt_anomaly_outputs\results_json\agg__agg_kkt_47_19_benford_contam_0.05.json,skipped_no_features,,,agg_kkt_47_19,benford,0.05,15491,,0,,,,,,
agg__agg_kkt_47_19_bills_contam_0.01.json,C:\Users\ivan\WORK\workshops\ICDM\Ablation\kkt_anomaly_outputs\results_json\agg__agg_kkt_47_19_bills_contam_0.01.json,ok,,agg_kkt_level,agg_kkt_47_19,bills,0.01,15491,,11,155.0,,11.201002836227417,C:\Users\ivan\WORK\workshops\ICDM\Ablation\kkt_anomaly_outputs\results_csv\agg__agg_kkt_47_19_bills_contam_0.01__ranked.csv,C:\Users\ivan\WORK\workshops\ICDM\Ablation\kkt_anomaly_outputs\results_csv\agg__agg_kkt_47_19_bills_contam_0.01__top_anomalies.csv,
agg__agg_kkt_47_19_bills_contam_0.03.json,C:\Users\ivan\WORK\workshops\ICDM\Ablation\kkt_anomaly_outputs\results_json\agg__agg_kkt_47_19_bills_contam_0.03.json,ok,,agg_kkt_level,agg_kkt_47_19,bills,0.03,15491,,11,465.0,,11.644999027252197,C:\Users\ivan\WORK\workshops\ICDM\Ablation\kkt_anomaly_outputs\results_csv\agg__agg_kkt_47_19_bills_contam_0.03__ranked.csv,C:\Users\ivan\WORK\workshops\ICDM\Ablation\kkt_anomaly_outputs\results_csv\agg__agg_kkt_47_19_bills_contam_0.03__top_anomalies.csv,
agg__agg_kkt_47_19_bills_contam_0.05.json,C:\Users\ivan\WORK\workshops\ICDM\Ablation\kkt_anomaly_outputs\results_json\agg__agg_kkt_47_19_bills_contam_0.05.json,ok,,agg_kkt_level,agg_kkt_47_19,bills,0.05,15491,,11,775.0,,11.84800100326538,C:\Users\ivan\WORK\workshops\ICDM\Ablation\kkt_anomaly_outputs\results_csv\agg__agg_kkt_47_19_bills_contam_0.05__ranked.csv,C:\Users\ivan\WORK\workshops\ICDM\Ablation\kkt_anomaly_outputs\results_csv\agg__agg_kkt_47_19_bills_contam_0.05__top_anomalies.csv,
agg__agg_kkt_47_19_cross_corr_contam_0.01.json,C:\Users\ivan\WORK\workshops\ICDM\Ablation\kkt_anomaly_outputs\results_json\agg__agg_kkt_47_19_cross_corr_contam_0.01.json,skipped_no_features,,,agg_kkt_47_19,cross_corr,0.01,15491,,0,,,,,,
agg__agg_kkt_47_19_cross_corr_contam_0.03.json,C:\Users\ivan\WORK\workshops\ICDM\Ablation\kkt_anomaly_outputs\results_json\agg__agg_kkt_47_19_cross_corr_contam_0.03.json,skipped_no_features,,,agg_kkt_47_19,cross_corr,0.03,15491,,0,,,,,,
agg__agg_kkt_47_19_cross_corr_contam_0.05.json,C:\Users\ivan\WORK\workshops\ICDM\Ablation\kkt_anomaly_outputs\results_json\agg__agg_kkt_47_19_cross_corr_contam_0.05.json,skipped_no_features,,,agg_kkt_47_19,cross_corr,0.05,15491,,0,,,,,,
agg__agg_kkt_47_19_items_price_contam_0.01.json,C:\Users\ivan\WORK\workshops\ICDM\Ablation\kkt_anomaly_outputs\results_json\agg__agg_kkt_47_19_items_price_contam_0.01.json,ok,,agg_kkt_level,agg_kkt_47_19,items_price,0.01,15491,,8,155.0,,15.869001626968384,C:\Users\ivan\WORK\workshops\ICDM\Ablation\kkt_anomaly_outputs\results_csv\agg__agg_kkt_47_19_items_price_contam_0.01__ranked.csv,C:\Users\ivan\WORK\workshops\ICDM\Ablation\kkt_anomaly_outputs\results_csv\agg__agg_kkt_47_19_items_price_contam_0.01__top_anomalies.csv,
agg__agg_kkt_47_19_items_price_contam_0.03.json,C:\Users\ivan\WORK\workshops\ICDM\Ablation\kkt_anomaly_outputs\results_json\agg__agg_kkt_47_19_items_price_contam_0.03.json,ok,,agg_kkt_level,agg_kkt_47_19,items_price,0.03,15491,,8,465.0,,13.699999332427979,C:\Users\ivan\WORK\workshops\ICDM\Ablation\kkt_anomaly_outputs\results_csv\agg__agg_kkt_47_19_items_price_contam_0.03__ranked.csv,C:\Users\ivan\WORK\workshops\ICDM\Ablation\kkt_anomaly_outputs\results_csv\agg__agg_kkt_47_19_items_price_contam_0.03__top_anomalies.csv,
agg__agg_kkt_47_19_items_price_contam_0.05.json,C:\Users\ivan\WORK\workshops\ICDM\Ablation\kkt_anomaly_outputs\results_json\agg__agg_kkt_47_19_items_price_contam_0.05.json,ok,,agg_kkt_level,agg_kkt_47_19,items_price,0.05,15491,,8,775.0,,13.712997674942017,C:\Users\ivan\WORK\workshops\ICDM\Ablation\kkt_anomaly_outputs\results_csv\agg__agg_kkt_47_19_items_price_contam_0.05__ranked.csv,C:\Users\ivan\WORK\workshops\ICDM\Ablation\kkt_anomaly_outputs\results_csv\agg__agg_kkt_47_19_items_price_contam_0.05__top_anomalies.csv,
agg__agg_kkt_47_19_non_temporal_contam_0.01.json,C:\Users\ivan\WORK\workshops\ICDM\Ablation\kkt_anomaly_outputs\results_json\agg__agg_kkt_47_19_non_temporal_contam_0.01.json,ok,,agg_kkt_level,agg_kkt_47_19,non_temporal,0.01,15491,,150,155.0,,6.909997940063477,C:\Users\ivan\WORK\workshops\ICDM\Ablation\kkt_anomaly_outputs\results_csv\agg__agg_kkt_47_19_non_temporal_contam_0.01__ranked.csv,C:\Users\ivan\WORK\workshops\ICDM\Ablation\kkt_anomaly_outputs\results_csv\agg__agg_kkt_47_19_non_temporal_contam_0.01__top_anomalies.csv,
agg__agg_kkt_47_19_non_temporal_contam_0.03.json,C:\Users\ivan\WORK\workshops\ICDM\Ablation\kkt_anomaly_outputs\results_json\agg__agg_kkt_47_19_non_temporal_contam_0.03.json,ok,,agg_kkt_level,agg_kkt_47_19,non_temporal,0.03,15491,,150,465.0,,7.09600043296814,C:\Users\ivan\WORK\workshops\ICDM\Ablation\kkt_anomaly_outputs\results_csv\agg__agg_kkt_47_19_non_temporal_contam_0.03__ranked.csv,C:\Users\ivan\WORK\workshops\ICDM\Ablation\kkt_anomaly_outputs\results_csv\agg__agg_kkt_47_19_non_temporal_contam_0.03__top_anomalies.csv,
agg__agg_kkt_47_19_non_temporal_contam_0.05.json,C:\Users\ivan\WORK\workshops\ICDM\Ablation\kkt_anomaly_outputs\results_json\agg__agg_kkt_47_19_non_temporal_contam_0.05.json,ok,,agg_kkt_level,agg_kkt_47_19,non_temporal,0.05,15491,,150,775.0,,7.286001205444336,C:\Users\ivan\WORK\workshops\ICDM\Ablation\kkt_anomaly_outputs\results_csv\agg__agg_kkt_47_19_non_temporal_contam_0.05__ranked.csv,C:\Users\ivan\WORK\workshops\ICDM\Ablation\kkt_anomaly_outputs\results_csv\agg__agg_kkt_47_19_non_temporal_contam_0.05__top_anomalies.csv,
agg__agg_kkt_47_19_payment_mix_contam_0.01.json,C:\Users\ivan\WORK\workshops\ICDM\Ablation\kkt_anomaly_outputs\results_json\agg__agg_kkt_47_19_payment_mix_contam_0.01.json,ok,,agg_kkt_level,agg_kkt_47_19,payment_mix,0.01,15491,,22,155.0,,7.980997800827026,C:\Users\ivan\WORK\workshops\ICDM\Ablation\kkt_anomaly_outputs\results_csv\agg__agg_kkt_47_19_payment_mix_contam_0.01__ranked.csv,C:\Users\ivan\WORK\workshops\ICDM\Ablation\kkt_anomaly_outputs\results_csv\agg__agg_kkt_47_19_payment_mix_contam_0.01__top_anomalies.csv,
agg__agg_kkt_47_19_payment_mix_contam_0.03.json,C:\Users\ivan\WORK\workshops\ICDM\Ablation\kkt_anomaly_outputs\results_json\agg__agg_kkt_47_19_payment_mix_contam_0.03.json,ok,,agg_kkt_level,agg_kkt_47_19,payment_mix,0.03,15491,,22,465.0,,8.157999992370605,C:\Users\ivan\WORK\workshops\ICDM\Ablation\kkt_anomaly_outputs\results_csv\agg__agg_kkt_47_19_payment_mix_contam_0.03__ranked.csv,C:\Users\ivan\WORK\workshops\ICDM\Ablation\kkt_anomaly_outputs\results_csv\agg__agg_kkt_47_19_payment_mix_contam_0.03__top_anomalies.csv,
agg__agg_kkt_47_19_payment_mix_contam_0.05.json,C:\Users\ivan\WORK\workshops\ICDM\Ablation\kkt_anomaly_outputs\results_json\agg__agg_kkt_47_19_payment_mix_contam_0.05.json,ok,,agg_kkt_level,agg_kkt_47_19,payment_mix,0.05,15491,,22,775.0,,10.016003131866455,C:\Users\ivan\WORK\workshops\ICDM\Ablation\kkt_anomaly_outputs\results_csv\agg__agg_kkt_47_19_payment_mix_contam_0.05__ranked.csv,C:\Users\ivan\WORK\workshops\ICDM\Ablation\kkt_anomaly_outputs\results_csv\agg__agg_kkt_47_19_payment_mix_contam_0.05__top_anomalies.csv,
agg__agg_kkt_47_19_shape_complexity_contam_0.01.json,C:\Users\ivan\WORK\workshops\ICDM\Ablation\kkt_anomaly_outputs\results_json\agg__agg_kkt_47_19_shape_complexity_contam_0.01.json,skipped_no_features,,,agg_kkt_47_19,shape_complexity,0.01,15491,,0,,,,,,
agg__agg_kkt_47_19_shape_complexity_contam_0.03.json,C:\Users\ivan\WORK\workshops\ICDM\Ablation\kkt_anomaly_outputs\results_json\agg__agg_kkt_47_19_shape_complexity_contam_0.03.json,skipped_no_features,,,agg_kkt_47_19,shape_complexity,0.03,15491,,0,,,,,,
agg__agg_kkt_47_19_shape_complexity_contam_0.05.json,C:\Users\ivan\WORK\workshops\ICDM\Ablation\kkt_anomaly_outputs\results_json\agg__agg_kkt_47_19_shape_complexity_contam_0.05.json,skipped_no_features,,,agg_kkt_47_19,shape_complexity,0.05,15491,,0,,,,,,
agg__agg_kkt_47_19_simple_core_contam_0.01.json,C:\Users\ivan\WORK\workshops\ICDM\Ablation\kkt_anomaly_outputs\results_json\agg__agg_kkt_47_19_simple_core_contam_0.01.json,ok,,agg_kkt_level,agg_kkt_47_19,simple_core,0.01,15491,,138,155.0,,7.201017141342163,C:\Users\ivan\WORK\workshops\ICDM\Ablation\kkt_anomaly_outputs\results_csv\agg__agg_kkt_47_19_simple_core_contam_0.01__ranked.csv,C:\Users\ivan\WORK\workshops\ICDM\Ablation\kkt_anomaly_outputs\results_csv\agg__agg_kkt_47_19_simple_core_contam_0.01__top_anomalies.csv,
agg__agg_kkt_47_19_simple_core_contam_0.03.json,C:\Users\ivan\WORK\workshops\ICDM\Ablation\kkt_anomaly_outputs\results_json\agg__agg_kkt_47_19_simple_core_contam_0.03.json,ok,,agg_kkt_level,agg_kkt_47_19,simple_core,0.03,15491,,138,465.0,,6.870002746582031,C:\Users\ivan\WORK\workshops\ICDM\Ablation\kkt_anomaly_outputs\results_csv\agg__agg_kkt_47_19_simple_core_contam_0.03__ranked.csv,C:\Users\ivan\WORK\workshops\ICDM\Ablation\kkt_anomaly_outputs\results_csv\agg__agg_kkt_47_19_simple_core_contam_0.03__top_anomalies.csv,
agg__agg_kkt_47_19_simple_core_contam_0.05.json,C:\Users\ivan\WORK\workshops\ICDM\Ablation\kkt_anomaly_outputs\results_json\agg__agg_kkt_47_19_simple_core_contam_0.05.json,ok,,agg_kkt_level,agg_kkt_47_19,simple_core,0.05,15491,,138,775.0,,7.13100004196167,C:\Users\ivan\WORK\workshops\ICDM\Ablation\kkt_anomaly_outputs\results_csv\agg__agg_kkt_47_19_simple_core_contam_0.05__ranked.csv,C:\Users\ivan\WORK\workshops\ICDM\Ablation\kkt_anomaly_outputs\results_csv\agg__agg_kkt_47_19_simple_core_contam_0.05__top_anomalies.csv,
agg__agg_kkt_47_19_temporal_contam_0.01.json,C:\Users\ivan\WORK\workshops\ICDM\Ablation\kkt_anomaly_outputs\results_json\agg__agg_kkt_47_19_temporal_contam_0.01.json,skipped_no_features,,,agg_kkt_47_19,temporal,0.01,15491,,0,,,,,,
agg__agg_kkt_47_19_temporal_contam_0.03.json,C:\Users\ivan\WORK\workshops\ICDM\Ablation\kkt_anomaly_outputs\results_json\agg__agg_kkt_47_19_temporal_contam_0.03.json,skipped_no_features,,,agg_kkt_47_19,temporal,0.03,15491,,0,,,,,,
agg__agg_kkt_47_19_temporal_contam_0.05.json,C:\Users\ivan\WORK\workshops\ICDM\Ablation\kkt_anomaly_outputs\results_json\agg__agg_kkt_47_19_temporal_contam_0.05.json,skipped_no_features,,,agg_kkt_47_19,temporal,0.05,15491,,0,,,,,,
agg__agg_kkt_47_19_turnover_contam_0.01.json,C:\Users\ivan\WORK\workshops\ICDM\Ablation\kkt_anomaly_outputs\results_json\agg__agg_kkt_47_19_turnover_contam_0.01.json,ok,,agg_kkt_level,agg_kkt_47_19,turnover,0.01,15491,,107,155.0,,6.84699273109436,C:\Users\ivan\WORK\workshops\ICDM\Ablation\kkt_anomaly_outputs\results_csv\agg__agg_kkt_47_19_turnover_contam_0.01__ranked.csv,C:\Users\ivan\WORK\workshops\ICDM\Ablation\kkt_anomaly_outputs\results_csv\agg__agg_kkt_47_19_turnover_contam_0.01__top_anomalies.csv,
agg__agg_kkt_47_19_turnover_contam_0.03.json,C:\Users\ivan\WORK\workshops\ICDM\Ablation\kkt_anomaly_outputs\results_json\agg__agg_kkt_47_19_turnover_contam_0.03.json,ok,,agg_kkt_level,agg_kkt_47_19,turnover,0.03,15491,,107,465.0,,6.829000949859619,C:\Users\ivan\WORK\workshops\ICDM\Ablation\kkt_anomaly_outputs\results_csv\agg__agg_kkt_47_19_turnover_contam_0.03__ranked.csv,C:\Users\ivan\WORK\workshops\ICDM\Ablation\kkt_anomaly_outputs\results_csv\agg__agg_kkt_47_19_turnover_contam_0.03__top_anomalies.csv,
agg__agg_kkt_47_19_turnover_contam_0.05.json,C:\Users\ivan\WORK\workshops\ICDM\Ablation\kkt_anomaly_outputs\results_json\agg__agg_kkt_47_19_turnover_contam_0.05.json,ok,,agg_kkt_level,agg_kkt_47_19,turnover,0.05,15491,,107,775.0,,7.225000381469727,C:\Users\ivan\WORK\workshops\ICDM\Ablation\kkt_anomaly_outputs\results_csv\agg__agg_kkt_47_19_turnover_contam_0.05__ranked.csv,C:\Users\ivan\WORK\workshops\ICDM\Ablation\kkt_anomaly_outputs\results_csv\agg__agg_kkt_47_19_turnover_contam_0.05__top_anomalies.csv,
ts__ts_kkt_47_11_all_numeric_contam_0.01.json,C:\Users\ivan\WORK\workshops\ICDM\Ablation\kkt_anomaly_outputs\results_json\ts__ts_kkt_47_11_all_numeric_contam_0.01.json,ok,,ts_kkt_day_level,ts_kkt_47_11,all_numeric,0.01,3168756,34443.0,87,,31689.0,634.3215444087982,C:\Users\ivan\WORK\workshops\ICDM\Ablation\kkt_anomaly_outputs\results_csv\ts__ts_kkt_47_11_all_numeric_contam_0.01__ranked_kkt_days.csv,C:\Users\ivan\WORK\workshops\ICDM\Ablation\kkt_anomaly_outputs\results_csv\ts__ts_kkt_47_11_all_numeric_contam_0.01__top_kkt_days.csv,C:\Users\ivan\WORK\workshops\ICDM\Ablation\kkt_anomaly_outputs\results_csv\ts__ts_kkt_47_11_all_numeric_contam_0.01__device_aggregated_scores.csv
ts__ts_kkt_47_11_all_numeric_contam_0.03.json,C:\Users\ivan\WORK\workshops\ICDM\Ablation\kkt_anomaly_outputs\results_json\ts__ts_kkt_47_11_all_numeric_contam_0.03.json,ok,,ts_kkt_day_level,ts_kkt_47_11,all_numeric,0.03,3168756,34443.0,87,,95063.0,473.6456210613251,C:\Users\ivan\WORK\workshops\ICDM\Ablation\kkt_anomaly_outputs\results_csv\ts__ts_kkt_47_11_all_numeric_contam_0.03__ranked_kkt_days.csv,C:\Users\ivan\WORK\workshops\ICDM\Ablation\kkt_anomaly_outputs\results_csv\ts__ts_kkt_47_11_all_numeric_contam_0.03__top_kkt_days.csv,C:\Users\ivan\WORK\workshops\ICDM\Ablation\kkt_anomaly_outputs\results_csv\ts__ts_kkt_47_11_all_numeric_contam_0.03__device_aggregated_scores.csv
ts__ts_kkt_47_11_all_numeric_contam_0.05.json,C:\Users\ivan\WORK\workshops\ICDM\Ablation\kkt_anomaly_outputs\results_json\ts__ts_kkt_47_11_all_numeric_contam_0.05.json,ok,,ts_kkt_day_level,ts_kkt_47_11,all_numeric,0.05,3168756,34443.0,87,,158438.0,478.672226190567,C:\Users\ivan\WORK\workshops\ICDM\Ablation\kkt_anomaly_outputs\results_csv\ts__ts_kkt_47_11_all_numeric_contam_0.05__ranked_kkt_days.csv,C:\Users\ivan\WORK\workshops\ICDM\Ablation\kkt_anomaly_outputs\results_csv\ts__ts_kkt_47_11_all_numeric_contam_0.05__top_kkt_days.csv,C:\Users\ivan\WORK\workshops\ICDM\Ablation\kkt_anomaly_outputs\results_csv\ts__ts_kkt_47_11_all_numeric_contam_0.05__device_aggregated_scores.csv
ts__ts_kkt_47_11_bills_items_contam_0.01.json,C:\Users\ivan\WORK\workshops\ICDM\Ablation\kkt_anomaly_outputs\results_json\ts__ts_kkt_47_11_bills_items_contam_0.01.json,ok,,ts_kkt_day_level,ts_kkt_47_11,bills_items,0.01,3168756,34443.0,29,,31688.0,310.30399799346924,C:\Users\ivan\WORK\workshops\ICDM\Ablation\kkt_anomaly_outputs\results_csv\ts__ts_kkt_47_11_bills_items_contam_0.01__ranked_kkt_days.csv,C:\Users\ivan\WORK\workshops\ICDM\Ablation\kkt_anomaly_outputs\results_csv\ts__ts_kkt_47_11_bills_items_contam_0.01__top_kkt_days.csv,C:\Users\ivan\WORK\workshops\ICDM\Ablation\kkt_anomaly_outputs\results_csv\ts__ts_kkt_47_11_bills_items_contam_0.01__device_aggregated_scores.csv
ts__ts_kkt_47_11_bills_items_contam_0.03.json,C:\Users\ivan\WORK\workshops\ICDM\Ablation\kkt_anomaly_outputs\results_json\ts__ts_kkt_47_11_bills_items_contam_0.03.json,ok,,ts_kkt_day_level,ts_kkt_47_11,bills_items,0.03,3168756,34443.0,29,,95063.0,308.14399695396423,C:\Users\ivan\WORK\workshops\ICDM\Ablation\kkt_anomaly_outputs\results_csv\ts__ts_kkt_47_11_bills_items_contam_0.03__ranked_kkt_days.csv,C:\Users\ivan\WORK\workshops\ICDM\Ablation\kkt_anomaly_outputs\results_csv\ts__ts_kkt_47_11_bills_items_contam_0.03__top_kkt_days.csv,C:\Users\ivan\WORK\workshops\ICDM\Ablation\kkt_anomaly_outputs\results_csv\ts__ts_kkt_47_11_bills_items_contam_0.03__device_aggregated_scores.csv
ts__ts_kkt_47_11_bills_items_contam_0.05.json,C:\Users\ivan\WORK\workshops\ICDM\Ablation\kkt_anomaly_outputs\results_json\ts__ts_kkt_47_11_bills_items_contam_0.05.json,ok,,ts_kkt_day_level,ts_kkt_47_11,bills_items,0.05,3168756,34443.0,29,,158438.0,308.87900161743164,C:\Users\ivan\WORK\workshops\ICDM\Ablation\kkt_anomaly_outputs\results_csv\ts__ts_kkt_47_11_bills_items_contam_0.05__ranked_kkt_days.csv,C:\Users\ivan\WORK\workshops\ICDM\Ablation\kkt_anomaly_outputs\results_csv\ts__ts_kkt_47_11_bills_items_contam_0.05__top_kkt_days.csv,C:\Users\ivan\WORK\workshops\ICDM\Ablation\kkt_anomaly_outputs\results_csv\ts__ts_kkt_47_11_bills_items_contam_0.05__device_aggregated_scores.csv
ts__ts_kkt_47_11_core_daily_contam_0.01.json,C:\Users\ivan\WORK\workshops\ICDM\Ablation\kkt_anomaly_outputs\results_json\ts__ts_kkt_47_11_core_daily_contam_0.01.json,ok,,ts_kkt_day_level,ts_kkt_47_11,core_daily,0.01,3168756,34443.0,18,,31688.0,299.897141456604,C:\Users\ivan\WORK\workshops\ICDM\Ablation\kkt_anomaly_outputs\results_csv\ts__ts_kkt_47_11_core_daily_contam_0.01__ranked_kkt_days.csv,C:\Users\ivan\WORK\workshops\ICDM\Ablation\kkt_anomaly_outputs\results_csv\ts__ts_kkt_47_11_core_daily_contam_0.01__top_kkt_days.csv,C:\Users\ivan\WORK\workshops\ICDM\Ablation\kkt_anomaly_outputs\results_csv\ts__ts_kkt_47_11_core_daily_contam_0.01__device_aggregated_scores.csv
ts__ts_kkt_47_11_core_daily_contam_0.03.json,C:\Users\ivan\WORK\workshops\ICDM\Ablation\kkt_anomaly_outputs\results_json\ts__ts_kkt_47_11_core_daily_contam_0.03.json,ok,,ts_kkt_day_level,ts_kkt_47_11,core_daily,0.03,3168756,34443.0,18,,95063.0,288.32000756263733,C:\Users\ivan\WORK\workshops\ICDM\Ablation\kkt_anomaly_outputs\results_csv\ts__ts_kkt_47_11_core_daily_contam_0.03__ranked_kkt_days.csv,C:\Users\ivan\WORK\workshops\ICDM\Ablation\kkt_anomaly_outputs\results_csv\ts__ts_kkt_47_11_core_daily_contam_0.03__top_kkt_days.csv,C:\Users\ivan\WORK\workshops\ICDM\Ablation\kkt_anomaly_outputs\results_csv\ts__ts_kkt_47_11_core_daily_contam_0.03__device_aggregated_scores.csv
ts__ts_kkt_47_11_core_daily_contam_0.05.json,C:\Users\ivan\WORK\workshops\ICDM\Ablation\kkt_anomaly_outputs\results_json\ts__ts_kkt_47_11_core_daily_contam_0.05.json,ok,,ts_kkt_day_level,ts_kkt_47_11,core_daily,0.05,3168756,34443.0,18,,164835.0,293.86600399017334,C:\Users\ivan\WORK\workshops\ICDM\Ablation\kkt_anomaly_outputs\results_csv\ts__ts_kkt_47_11_core_daily_contam_0.05__ranked_kkt_days.csv,C:\Users\ivan\WORK\workshops\ICDM\Ablation\kkt_anomaly_outputs\results_csv\ts__ts_kkt_47_11_core_daily_contam_0.05__top_kkt_days.csv,C:\Users\ivan\WORK\workshops\ICDM\Ablation\kkt_anomaly_outputs\results_csv\ts__ts_kkt_47_11_core_daily_contam_0.05__device_aggregated_scores.csv
ts__ts_kkt_47_11_payment_mix_contam_0.01.json,C:\Users\ivan\WORK\workshops\ICDM\Ablation\kkt_anomaly_outputs\results_json\ts__ts_kkt_47_11_payment_mix_contam_0.01.json,ok,,ts_kkt_day_level,ts_kkt_47_11,payment_mix,0.01,3168756,34443.0,20,,31688.0,304.0229992866516,C:\Users\ivan\WORK\workshops\ICDM\Ablation\kkt_anomaly_outputs\results_csv\ts__ts_kkt_47_11_payment_mix_contam_0.01__ranked_kkt_days.csv,C:\Users\ivan\WORK\workshops\ICDM\Ablation\kkt_anomaly_outputs\results_csv\ts__ts_kkt_47_11_payment_mix_contam_0.01__top_kkt_days.csv,C:\Users\ivan\WORK\workshops\ICDM\Ablation\kkt_anomaly_outputs\results_csv\ts__ts_kkt_47_11_payment_mix_contam_0.01__device_aggregated_scores.csv
ts__ts_kkt_47_11_payment_mix_contam_0.03.json,C:\Users\ivan\WORK\workshops\ICDM\Ablation\kkt_anomaly_outputs\results_json\ts__ts_kkt_47_11_payment_mix_contam_0.03.json,ok,,ts_kkt_day_level,ts_kkt_47_11,payment_mix,0.03,3168756,34443.0,20,,95063.0,304.0020008087158,C:\Users\ivan\WORK\workshops\ICDM\Ablation\kkt_anomaly_outputs\results_csv\ts__ts_kkt_47_11_payment_mix_contam_0.03__ranked_kkt_days.csv,C:\Users\ivan\WORK\workshops\ICDM\Ablation\kkt_anomaly_outputs\results_csv\ts__ts_kkt_47_11_payment_mix_contam_0.03__top_kkt_days.csv,C:\Users\ivan\WORK\workshops\ICDM\Ablation\kkt_anomaly_outputs\results_csv\ts__ts_kkt_47_11_payment_mix_contam_0.03__device_aggregated_scores.csv
ts__ts_kkt_47_11_payment_mix_contam_0.05.json,C:\Users\ivan\WORK\workshops\ICDM\Ablation\kkt_anomaly_outputs\results_json\ts__ts_kkt_47_11_payment_mix_contam_0.05.json,ok,,ts_kkt_day_level,ts_kkt_47_11,payment_mix,0.05,3168756,34443.0,20,,158438.0,303.35500144958496,C:\Users\ivan\WORK\workshops\ICDM\Ablation\kkt_anomaly_outputs\results_csv\ts__ts_kkt_47_11_payment_mix_contam_0.05__ranked_kkt_days.csv,C:\Users\ivan\WORK\workshops\ICDM\Ablation\kkt_anomaly_outputs\results_csv\ts__ts_kkt_47_11_payment_mix_contam_0.05__top_kkt_days.csv,C:\Users\ivan\WORK\workshops\ICDM\Ablation\kkt_anomaly_outputs\results_csv\ts__ts_kkt_47_11_payment_mix_contam_0.05__device_aggregated_scores.csv
ts__ts_kkt_47_11_peer_deviation_contam_0.01.json,C:\Users\ivan\WORK\workshops\ICDM\Ablation\kkt_anomaly_outputs\results_json\ts__ts_kkt_47_11_peer_deviation_contam_0.01.json,ok,,ts_kkt_day_level,ts_kkt_47_11,peer_deviation,0.01,3168756,34443.0,6,,31688.0,288.03300046920776,C:\Users\ivan\WORK\workshops\ICDM\Ablation\kkt_anomaly_outputs\results_csv\ts__ts_kkt_47_11_peer_deviation_contam_0.01__ranked_kkt_days.csv,C:\Users\ivan\WORK\workshops\ICDM\Ablation\kkt_anomaly_outputs\results_csv\ts__ts_kkt_47_11_peer_deviation_contam_0.01__top_kkt_days.csv,C:\Users\ivan\WORK\workshops\ICDM\Ablation\kkt_anomaly_outputs\results_csv\ts__ts_kkt_47_11_peer_deviation_contam_0.01__device_aggregated_scores.csv
ts__ts_kkt_47_11_peer_deviation_contam_0.03.json,C:\Users\ivan\WORK\workshops\ICDM\Ablation\kkt_anomaly_outputs\results_json\ts__ts_kkt_47_11_peer_deviation_contam_0.03.json,ok,,ts_kkt_day_level,ts_kkt_47_11,peer_deviation,0.03,3168756,34443.0,6,,95063.0,285.4060003757477,C:\Users\ivan\WORK\workshops\ICDM\Ablation\kkt_anomaly_outputs\results_csv\ts__ts_kkt_47_11_peer_deviation_contam_0.03__ranked_kkt_days.csv,C:\Users\ivan\WORK\workshops\ICDM\Ablation\kkt_anomaly_outputs\results_csv\ts__ts_kkt_47_11_peer_deviation_contam_0.03__top_kkt_days.csv,C:\Users\ivan\WORK\workshops\ICDM\Ablation\kkt_anomaly_outputs\results_csv\ts__ts_kkt_47_11_peer_deviation_contam_0.03__device_aggregated_scores.csv
ts__ts_kkt_47_11_peer_deviation_contam_0.05.json,C:\Users\ivan\WORK\workshops\ICDM\Ablation\kkt_anomaly_outputs\results_json\ts__ts_kkt_47_11_peer_deviation_contam_0.05.json,ok,,ts_kkt_day_level,ts_kkt_47_11,peer_deviation,0.05,3168756,34443.0,6,,158438.0,283.5420022010803,C:\Users\ivan\WORK\workshops\ICDM\Ablation\kkt_anomaly_outputs\results_csv\ts__ts_kkt_47_11_peer_deviation_contam_0.05__ranked_kkt_days.csv,C:\Users\ivan\WORK\workshops\ICDM\Ablation\kkt_anomaly_outputs\results_csv\ts__ts_kkt_47_11_peer_deviation_contam_0.05__top_kkt_days.csv,C:\Users\ivan\WORK\workshops\ICDM\Ablation\kkt_anomaly_outputs\results_csv\ts__ts_kkt_47_11_peer_deviation_contam_0.05__device_aggregated_scores.csv
ts__ts_kkt_47_11_rolling_deviation_contam_0.01.json,C:\Users\ivan\WORK\workshops\ICDM\Ablation\kkt_anomaly_outputs\results_json\ts__ts_kkt_47_11_rolling_deviation_contam_0.01.json,ok,,ts_kkt_day_level,ts_kkt_47_11,rolling_deviation,0.01,3168756,34443.0,48,,31705.0,348.1460347175598,C:\Users\ivan\WORK\workshops\ICDM\Ablation\kkt_anomaly_outputs\results_csv\ts__ts_kkt_47_11_rolling_deviation_contam_0.01__ranked_kkt_days.csv,C:\Users\ivan\WORK\workshops\ICDM\Ablation\kkt_anomaly_outputs\results_csv\ts__ts_kkt_47_11_rolling_deviation_contam_0.01__top_kkt_days.csv,C:\Users\ivan\WORK\workshops\ICDM\Ablation\kkt_anomaly_outputs\results_csv\ts__ts_kkt_47_11_rolling_deviation_contam_0.01__device_aggregated_scores.csv
ts__ts_kkt_47_11_rolling_deviation_contam_0.03.json,C:\Users\ivan\WORK\workshops\ICDM\Ablation\kkt_anomaly_outputs\results_json\ts__ts_kkt_47_11_rolling_deviation_contam_0.03.json,ok,,ts_kkt_day_level,ts_kkt_47_11,rolling_deviation,0.03,3168756,34443.0,48,,95063.0,351.80199813842773,C:\Users\ivan\WORK\workshops\ICDM\Ablation\kkt_anomaly_outputs\results_csv\ts__ts_kkt_47_11_rolling_deviation_contam_0.03__ranked_kkt_days.csv,C:\Users\ivan\WORK\workshops\ICDM\Ablation\kkt_anomaly_outputs\results_csv\ts__ts_kkt_47_11_rolling_deviation_contam_0.03__top_kkt_days.csv,C:\Users\ivan\WORK\workshops\ICDM\Ablation\kkt_anomaly_outputs\results_csv\ts__ts_kkt_47_11_rolling_deviation_contam_0.03__device_aggregated_scores.csv
ts__ts_kkt_47_11_rolling_deviation_contam_0.05.json,C:\Users\ivan\WORK\workshops\ICDM\Ablation\kkt_anomaly_outputs\results_json\ts__ts_kkt_47_11_rolling_deviation_contam_0.05.json,ok,,ts_kkt_day_level,ts_kkt_47_11,rolling_deviation,0.05,3168756,34443.0,48,,158438.0,350.1910011768341,C:\Users\ivan\WORK\workshops\ICDM\Ablation\kkt_anomaly_outputs\results_csv\ts__ts_kkt_47_11_rolling_deviation_contam_0.05__ranked_kkt_days.csv,C:\Users\ivan\WORK\workshops\ICDM\Ablation\kkt_anomaly_outputs\results_csv\ts__ts_kkt_47_11_rolling_deviation_contam_0.05__top_kkt_days.csv,C:\Users\ivan\WORK\workshops\ICDM\Ablation\kkt_anomaly_outputs\results_csv\ts__ts_kkt_47_11_rolling_deviation_contam_0.05__device_aggregated_scores.csv
ts__ts_kkt_47_11_turnover_contam_0.01.json,C:\Users\ivan\WORK\workshops\ICDM\Ablation\kkt_anomaly_outputs\results_json\ts__ts_kkt_47_11_turnover_contam_0.01.json,ok,,ts_kkt_day_level,ts_kkt_47_11,turnover,0.01,3168756,34443.0,42,,32968.0,345.9730017185211,C:\Users\ivan\WORK\workshops\ICDM\Ablation\kkt_anomaly_outputs\results_csv\ts__ts_kkt_47_11_turnover_contam_0.01__ranked_kkt_days.csv,C:\Users\ivan\WORK\workshops\ICDM\Ablation\kkt_anomaly_outputs\results_csv\ts__ts_kkt_47_11_turnover_contam_0.01__top_kkt_days.csv,C:\Users\ivan\WORK\workshops\ICDM\Ablation\kkt_anomaly_outputs\results_csv\ts__ts_kkt_47_11_turnover_contam_0.01__device_aggregated_scores.csv
ts__ts_kkt_47_11_turnover_contam_0.03.json,C:\Users\ivan\WORK\workshops\ICDM\Ablation\kkt_anomaly_outputs\results_json\ts__ts_kkt_47_11_turnover_contam_0.03.json,ok,,ts_kkt_day_level,ts_kkt_47_11,turnover,0.03,3168756,34443.0,42,,95063.0,337.0200002193451,C:\Users\ivan\WORK\workshops\ICDM\Ablation\kkt_anomaly_outputs\results_csv\ts__ts_kkt_47_11_turnover_contam_0.03__ranked_kkt_days.csv,C:\Users\ivan\WORK\workshops\ICDM\Ablation\kkt_anomaly_outputs\results_csv\ts__ts_kkt_47_11_turnover_contam_0.03__top_kkt_days.csv,C:\Users\ivan\WORK\workshops\ICDM\Ablation\kkt_anomaly_outputs\results_csv\ts__ts_kkt_47_11_turnover_contam_0.03__device_aggregated_scores.csv
ts__ts_kkt_47_11_turnover_contam_0.05.json,C:\Users\ivan\WORK\workshops\ICDM\Ablation\kkt_anomaly_outputs\results_json\ts__ts_kkt_47_11_turnover_contam_0.05.json,ok,,ts_kkt_day_level,ts_kkt_47_11,turnover,0.05,3168756,34443.0,42,,158438.0,333.6030020713806,C:\Users\ivan\WORK\workshops\ICDM\Ablation\kkt_anomaly_outputs\results_csv\ts__ts_kkt_47_11_turnover_contam_0.05__ranked_kkt_days.csv,C:\Users\ivan\WORK\workshops\ICDM\Ablation\kkt_anomaly_outputs\results_csv\ts__ts_kkt_47_11_turnover_contam_0.05__top_kkt_days.csv,C:\Users\ivan\WORK\workshops\ICDM\Ablation\kkt_anomaly_outputs\results_csv\ts__ts_kkt_47_11_turnover_contam_0.05__device_aggregated_scores.csv
ts__ts_kkt_47_19_all_numeric_contam_0.01.json,C:\Users\ivan\WORK\workshops\ICDM\Ablation\kkt_anomaly_outputs\results_json\ts__ts_kkt_47_19_all_numeric_contam_0.01.json,ok,,ts_kkt_day_level,ts_kkt_47_19,all_numeric,0.01,1425172,15491.0,87,,14252.0,173.67800068855286,C:\Users\ivan\WORK\workshops\ICDM\Ablation\kkt_anomaly_outputs\results_csv\ts__ts_kkt_47_19_all_numeric_contam_0.01__ranked_kkt_days.csv,C:\Users\ivan\WORK\workshops\ICDM\Ablation\kkt_anomaly_outputs\results_csv\ts__ts_kkt_47_19_all_numeric_contam_0.01__top_kkt_days.csv,C:\Users\ivan\WORK\workshops\ICDM\Ablation\kkt_anomaly_outputs\results_csv\ts__ts_kkt_47_19_all_numeric_contam_0.01__device_aggregated_scores.csv
ts__ts_kkt_47_19_all_numeric_contam_0.03.json,C:\Users\ivan\WORK\workshops\ICDM\Ablation\kkt_anomaly_outputs\results_json\ts__ts_kkt_47_19_all_numeric_contam_0.03.json,ok,,ts_kkt_day_level,ts_kkt_47_19,all_numeric,0.03,1425172,15491.0,87,,42756.0,169.02200174331665,C:\Users\ivan\WORK\workshops\ICDM\Ablation\kkt_anomaly_outputs\results_csv\ts__ts_kkt_47_19_all_numeric_contam_0.03__ranked_kkt_days.csv,C:\Users\ivan\WORK\workshops\ICDM\Ablation\kkt_anomaly_outputs\results_csv\ts__ts_kkt_47_19_all_numeric_contam_0.03__top_kkt_days.csv,C:\Users\ivan\WORK\workshops\ICDM\Ablation\kkt_anomaly_outputs\results_csv\ts__ts_kkt_47_19_all_numeric_contam_0.03__device_aggregated_scores.csv
ts__ts_kkt_47_19_all_numeric_contam_0.05.json,C:\Users\ivan\WORK\workshops\ICDM\Ablation\kkt_anomaly_outputs\results_json\ts__ts_kkt_47_19_all_numeric_contam_0.05.json,ok,,ts_kkt_day_level,ts_kkt_47_19,all_numeric,0.05,1425172,15491.0,87,,71259.0,168.7999963760376,C:\Users\ivan\WORK\workshops\ICDM\Ablation\kkt_anomaly_outputs\results_csv\ts__ts_kkt_47_19_all_numeric_contam_0.05__ranked_kkt_days.csv,C:\Users\ivan\WORK\workshops\ICDM\Ablation\kkt_anomaly_outputs\results_csv\ts__ts_kkt_47_19_all_numeric_contam_0.05__top_kkt_days.csv,C:\Users\ivan\WORK\workshops\ICDM\Ablation\kkt_anomaly_outputs\results_csv\ts__ts_kkt_47_19_all_numeric_contam_0.05__device_aggregated_scores.csv
ts__ts_kkt_47_19_bills_items_contam_0.01.json,C:\Users\ivan\WORK\workshops\ICDM\Ablation\kkt_anomaly_outputs\results_json\ts__ts_kkt_47_19_bills_items_contam_0.01.json,ok,,ts_kkt_day_level,ts_kkt_47_19,bills_items,0.01,1425172,15491.0,29,,14252.0,138.21799993515015,C:\Users\ivan\WORK\workshops\ICDM\Ablation\kkt_anomaly_outputs\results_csv\ts__ts_kkt_47_19_bills_items_contam_0.01__ranked_kkt_days.csv,C:\Users\ivan\WORK\workshops\ICDM\Ablation\kkt_anomaly_outputs\results_csv\ts__ts_kkt_47_19_bills_items_contam_0.01__top_kkt_days.csv,C:\Users\ivan\WORK\workshops\ICDM\Ablation\kkt_anomaly_outputs\results_csv\ts__ts_kkt_47_19_bills_items_contam_0.01__device_aggregated_scores.csv
ts__ts_kkt_47_19_bills_items_contam_0.03.json,C:\Users\ivan\WORK\workshops\ICDM\Ablation\kkt_anomaly_outputs\results_json\ts__ts_kkt_47_19_bills_items_contam_0.03.json,ok,,ts_kkt_day_level,ts_kkt_47_19,bills_items,0.03,1425172,15491.0,29,,42756.0,137.07899975776672,C:\Users\ivan\WORK\workshops\ICDM\Ablation\kkt_anomaly_outputs\results_csv\ts__ts_kkt_47_19_bills_items_contam_0.03__ranked_kkt_days.csv,C:\Users\ivan\WORK\workshops\ICDM\Ablation\kkt_anomaly_outputs\results_csv\ts__ts_kkt_47_19_bills_items_contam_0.03__top_kkt_days.csv,C:\Users\ivan\WORK\workshops\ICDM\Ablation\kkt_anomaly_outputs\results_csv\ts__ts_kkt_47_19_bills_items_contam_0.03__device_aggregated_scores.csv
ts__ts_kkt_47_19_bills_items_contam_0.05.json,C:\Users\ivan\WORK\workshops\ICDM\Ablation\kkt_anomaly_outputs\results_json\ts__ts_kkt_47_19_bills_items_contam_0.05.json,ok,,ts_kkt_day_level,ts_kkt_47_19,bills_items,0.05,1425172,15491.0,29,,71259.0,136.9289994239807,C:\Users\ivan\WORK\workshops\ICDM\Ablation\kkt_anomaly_outputs\results_csv\ts__ts_kkt_47_19_bills_items_contam_0.05__ranked_kkt_days.csv,C:\Users\ivan\WORK\workshops\ICDM\Ablation\kkt_anomaly_outputs\results_csv\ts__ts_kkt_47_19_bills_items_contam_0.05__top_kkt_days.csv,C:\Users\ivan\WORK\workshops\ICDM\Ablation\kkt_anomaly_outputs\results_csv\ts__ts_kkt_47_19_bills_items_contam_0.05__device_aggregated_scores.csv
ts__ts_kkt_47_19_core_daily_contam_0.01.json,C:\Users\ivan\WORK\workshops\ICDM\Ablation\kkt_anomaly_outputs\results_json\ts__ts_kkt_47_19_core_daily_contam_0.01.json,ok,,ts_kkt_day_level,ts_kkt_47_19,core_daily,0.01,1425172,15491.0,18,,14252.0,127.1939697265625,C:\Users\ivan\WORK\workshops\ICDM\Ablation\kkt_anomaly_outputs\results_csv\ts__ts_kkt_47_19_core_daily_contam_0.01__ranked_kkt_days.csv,C:\Users\ivan\WORK\workshops\ICDM\Ablation\kkt_anomaly_outputs\results_csv\ts__ts_kkt_47_19_core_daily_contam_0.01__top_kkt_days.csv,C:\Users\ivan\WORK\workshops\ICDM\Ablation\kkt_anomaly_outputs\results_csv\ts__ts_kkt_47_19_core_daily_contam_0.01__device_aggregated_scores.csv
ts__ts_kkt_47_19_core_daily_contam_0.03.json,C:\Users\ivan\WORK\workshops\ICDM\Ablation\kkt_anomaly_outputs\results_json\ts__ts_kkt_47_19_core_daily_contam_0.03.json,ok,,ts_kkt_day_level,ts_kkt_47_19,core_daily,0.03,1425172,15491.0,18,,42756.0,126.7080020904541,C:\Users\ivan\WORK\workshops\ICDM\Ablation\kkt_anomaly_outputs\results_csv\ts__ts_kkt_47_19_core_daily_contam_0.03__ranked_kkt_days.csv,C:\Users\ivan\WORK\workshops\ICDM\Ablation\kkt_anomaly_outputs\results_csv\ts__ts_kkt_47_19_core_daily_contam_0.03__top_kkt_days.csv,C:\Users\ivan\WORK\workshops\ICDM\Ablation\kkt_anomaly_outputs\results_csv\ts__ts_kkt_47_19_core_daily_contam_0.03__device_aggregated_scores.csv
ts__ts_kkt_47_19_core_daily_contam_0.05.json,C:\Users\ivan\WORK\workshops\ICDM\Ablation\kkt_anomaly_outputs\results_json\ts__ts_kkt_47_19_core_daily_contam_0.05.json,ok,,ts_kkt_day_level,ts_kkt_47_19,core_daily,0.05,1425172,15491.0,18,,71259.0,126.55500173568726,C:\Users\ivan\WORK\workshops\ICDM\Ablation\kkt_anomaly_outputs\results_csv\ts__ts_kkt_47_19_core_daily_contam_0.05__ranked_kkt_days.csv,C:\Users\ivan\WORK\workshops\ICDM\Ablation\kkt_anomaly_outputs\results_csv\ts__ts_kkt_47_19_core_daily_contam_0.05__top_kkt_days.csv,C:\Users\ivan\WORK\workshops\ICDM\Ablation\kkt_anomaly_outputs\results_csv\ts__ts_kkt_47_19_core_daily_contam_0.05__device_aggregated_scores.csv
ts__ts_kkt_47_19_payment_mix_contam_0.01.json,C:\Users\ivan\WORK\workshops\ICDM\Ablation\kkt_anomaly_outputs\results_json\ts__ts_kkt_47_19_payment_mix_contam_0.01.json,ok,,ts_kkt_day_level,ts_kkt_47_19,payment_mix,0.01,1425172,15491.0,20,,14252.0,135.7770004272461,C:\Users\ivan\WORK\workshops\ICDM\Ablation\kkt_anomaly_outputs\results_csv\ts__ts_kkt_47_19_payment_mix_contam_0.01__ranked_kkt_days.csv,C:\Users\ivan\WORK\workshops\ICDM\Ablation\kkt_anomaly_outputs\results_csv\ts__ts_kkt_47_19_payment_mix_contam_0.01__top_kkt_days.csv,C:\Users\ivan\WORK\workshops\ICDM\Ablation\kkt_anomaly_outputs\results_csv\ts__ts_kkt_47_19_payment_mix_contam_0.01__device_aggregated_scores.csv
ts__ts_kkt_47_19_payment_mix_contam_0.03.json,C:\Users\ivan\WORK\workshops\ICDM\Ablation\kkt_anomaly_outputs\results_json\ts__ts_kkt_47_19_payment_mix_contam_0.03.json,ok,,ts_kkt_day_level,ts_kkt_47_19,payment_mix,0.03,1425172,15491.0,20,,42767.0,136.3159999847412,C:\Users\ivan\WORK\workshops\ICDM\Ablation\kkt_anomaly_outputs\results_csv\ts__ts_kkt_47_19_payment_mix_contam_0.03__ranked_kkt_days.csv,C:\Users\ivan\WORK\workshops\ICDM\Ablation\kkt_anomaly_outputs\results_csv\ts__ts_kkt_47_19_payment_mix_contam_0.03__top_kkt_days.csv,C:\Users\ivan\WORK\workshops\ICDM\Ablation\kkt_anomaly_outputs\results_csv\ts__ts_kkt_47_19_payment_mix_contam_0.03__device_aggregated_scores.csv
ts__ts_kkt_47_19_payment_mix_contam_0.05.json,C:\Users\ivan\WORK\workshops\ICDM\Ablation\kkt_anomaly_outputs\results_json\ts__ts_kkt_47_19_payment_mix_contam_0.05.json,ok,,ts_kkt_day_level,ts_kkt_47_19,payment_mix,0.05,1425172,15491.0,20,,71259.0,135.94500470161438,C:\Users\ivan\WORK\workshops\ICDM\Ablation\kkt_anomaly_outputs\results_csv\ts__ts_kkt_47_19_payment_mix_contam_0.05__ranked_kkt_days.csv,C:\Users\ivan\WORK\workshops\ICDM\Ablation\kkt_anomaly_outputs\results_csv\ts__ts_kkt_47_19_payment_mix_contam_0.05__top_kkt_days.csv,C:\Users\ivan\WORK\workshops\ICDM\Ablation\kkt_anomaly_outputs\results_csv\ts__ts_kkt_47_19_payment_mix_contam_0.05__device_aggregated_scores.csv
ts__ts_kkt_47_19_peer_deviation_contam_0.01.json,C:\Users\ivan\WORK\workshops\ICDM\Ablation\kkt_anomaly_outputs\results_json\ts__ts_kkt_47_19_peer_deviation_contam_0.01.json,ok,,ts_kkt_day_level,ts_kkt_47_19,peer_deviation,0.01,1425172,15491.0,6,,14252.0,126.05701494216919,C:\Users\ivan\WORK\workshops\ICDM\Ablation\kkt_anomaly_outputs\results_csv\ts__ts_kkt_47_19_peer_deviation_contam_0.01__ranked_kkt_days.csv,C:\Users\ivan\WORK\workshops\ICDM\Ablation\kkt_anomaly_outputs\results_csv\ts__ts_kkt_47_19_peer_deviation_contam_0.01__top_kkt_days.csv,C:\Users\ivan\WORK\workshops\ICDM\Ablation\kkt_anomaly_outputs\results_csv\ts__ts_kkt_47_19_peer_deviation_contam_0.01__device_aggregated_scores.csv
ts__ts_kkt_47_19_peer_deviation_contam_0.03.json,C:\Users\ivan\WORK\workshops\ICDM\Ablation\kkt_anomaly_outputs\results_json\ts__ts_kkt_47_19_peer_deviation_contam_0.03.json,ok,,ts_kkt_day_level,ts_kkt_47_19,peer_deviation,0.03,1425172,15491.0,6,,42756.0,127.14499711990356,C:\Users\ivan\WORK\workshops\ICDM\Ablation\kkt_anomaly_outputs\results_csv\ts__ts_kkt_47_19_peer_deviation_contam_0.03__ranked_kkt_days.csv,C:\Users\ivan\WORK\workshops\ICDM\Ablation\kkt_anomaly_outputs\results_csv\ts__ts_kkt_47_19_peer_deviation_contam_0.03__top_kkt_days.csv,C:\Users\ivan\WORK\workshops\ICDM\Ablation\kkt_anomaly_outputs\results_csv\ts__ts_kkt_47_19_peer_deviation_contam_0.03__device_aggregated_scores.csv
ts__ts_kkt_47_19_peer_deviation_contam_0.05.json,C:\Users\ivan\WORK\workshops\ICDM\Ablation\kkt_anomaly_outputs\results_json\ts__ts_kkt_47_19_peer_deviation_contam_0.05.json,ok,,ts_kkt_day_level,ts_kkt_47_19,peer_deviation,0.05,1425172,15491.0,6,,71259.0,125.92900276184082,C:\Users\ivan\WORK\workshops\ICDM\Ablation\kkt_anomaly_outputs\results_csv\ts__ts_kkt_47_19_peer_deviation_contam_0.05__ranked_kkt_days.csv,C:\Users\ivan\WORK\workshops\ICDM\Ablation\kkt_anomaly_outputs\results_csv\ts__ts_kkt_47_19_peer_deviation_contam_0.05__top_kkt_days.csv,C:\Users\ivan\WORK\workshops\ICDM\Ablation\kkt_anomaly_outputs\results_csv\ts__ts_kkt_47_19_peer_deviation_contam_0.05__device_aggregated_scores.csv
ts__ts_kkt_47_19_rolling_deviation_contam_0.01.json,C:\Users\ivan\WORK\workshops\ICDM\Ablation\kkt_anomaly_outputs\results_json\ts__ts_kkt_47_19_rolling_deviation_contam_0.01.json,ok,,ts_kkt_day_level,ts_kkt_47_19,rolling_deviation,0.01,1425172,15491.0,48,,14252.0,139.47000217437744,C:\Users\ivan\WORK\workshops\ICDM\Ablation\kkt_anomaly_outputs\results_csv\ts__ts_kkt_47_19_rolling_deviation_contam_0.01__ranked_kkt_days.csv,C:\Users\ivan\WORK\workshops\ICDM\Ablation\kkt_anomaly_outputs\results_csv\ts__ts_kkt_47_19_rolling_deviation_contam_0.01__top_kkt_days.csv,C:\Users\ivan\WORK\workshops\ICDM\Ablation\kkt_anomaly_outputs\results_csv\ts__ts_kkt_47_19_rolling_deviation_contam_0.01__device_aggregated_scores.csv
ts__ts_kkt_47_19_rolling_deviation_contam_0.03.json,C:\Users\ivan\WORK\workshops\ICDM\Ablation\kkt_anomaly_outputs\results_json\ts__ts_kkt_47_19_rolling_deviation_contam_0.03.json,ok,,ts_kkt_day_level,ts_kkt_47_19,rolling_deviation,0.03,1425172,15491.0,48,,42756.0,139.80499792099,C:\Users\ivan\WORK\workshops\ICDM\Ablation\kkt_anomaly_outputs\results_csv\ts__ts_kkt_47_19_rolling_deviation_contam_0.03__ranked_kkt_days.csv,C:\Users\ivan\WORK\workshops\ICDM\Ablation\kkt_anomaly_outputs\results_csv\ts__ts_kkt_47_19_rolling_deviation_contam_0.03__top_kkt_days.csv,C:\Users\ivan\WORK\workshops\ICDM\Ablation\kkt_anomaly_outputs\results_csv\ts__ts_kkt_47_19_rolling_deviation_contam_0.03__device_aggregated_scores.csv
ts__ts_kkt_47_19_rolling_deviation_contam_0.05.json,C:\Users\ivan\WORK\workshops\ICDM\Ablation\kkt_anomaly_outputs\results_json\ts__ts_kkt_47_19_rolling_deviation_contam_0.05.json,ok,,ts_kkt_day_level,ts_kkt_47_19,rolling_deviation,0.05,1425172,15491.0,48,,71259.0,138.55100178718567,C:\Users\ivan\WORK\workshops\ICDM\Ablation\kkt_anomaly_outputs\results_csv\ts__ts_kkt_47_19_rolling_deviation_contam_0.05__ranked_kkt_days.csv,C:\Users\ivan\WORK\workshops\ICDM\Ablation\kkt_anomaly_outputs\results_csv\ts__ts_kkt_47_19_rolling_deviation_contam_0.05__top_kkt_days.csv,C:\Users\ivan\WORK\workshops\ICDM\Ablation\kkt_anomaly_outputs\results_csv\ts__ts_kkt_47_19_rolling_deviation_contam_0.05__device_aggregated_scores.csv
ts__ts_kkt_47_19_turnover_contam_0.01.json,C:\Users\ivan\WORK\workshops\ICDM\Ablation\kkt_anomaly_outputs\results_json\ts__ts_kkt_47_19_turnover_contam_0.01.json,ok,,ts_kkt_day_level,ts_kkt_47_19,turnover,0.01,1425172,15491.0,42,,14252.0,144.00899600982666,C:\Users\ivan\WORK\workshops\ICDM\Ablation\kkt_anomaly_outputs\results_csv\ts__ts_kkt_47_19_turnover_contam_0.01__ranked_kkt_days.csv,C:\Users\ivan\WORK\workshops\ICDM\Ablation\kkt_anomaly_outputs\results_csv\ts__ts_kkt_47_19_turnover_contam_0.01__top_kkt_days.csv,C:\Users\ivan\WORK\workshops\ICDM\Ablation\kkt_anomaly_outputs\results_csv\ts__ts_kkt_47_19_turnover_contam_0.01__device_aggregated_scores.csv
ts__ts_kkt_47_19_turnover_contam_0.03.json,C:\Users\ivan\WORK\workshops\ICDM\Ablation\kkt_anomaly_outputs\results_json\ts__ts_kkt_47_19_turnover_contam_0.03.json,ok,,ts_kkt_day_level,ts_kkt_47_19,turnover,0.03,1425172,15491.0,42,,42756.0,141.80800127983093,C:\Users\ivan\WORK\workshops\ICDM\Ablation\kkt_anomaly_outputs\results_csv\ts__ts_kkt_47_19_turnover_contam_0.03__ranked_kkt_days.csv,C:\Users\ivan\WORK\workshops\ICDM\Ablation\kkt_anomaly_outputs\results_csv\ts__ts_kkt_47_19_turnover_contam_0.03__top_kkt_days.csv,C:\Users\ivan\WORK\workshops\ICDM\Ablation\kkt_anomaly_outputs\results_csv\ts__ts_kkt_47_19_turnover_contam_0.03__device_aggregated_scores.csv
ts__ts_kkt_47_19_turnover_contam_0.05.json,C:\Users\ivan\WORK\workshops\ICDM\Ablation\kkt_anomaly_outputs\results_json\ts__ts_kkt_47_19_turnover_contam_0.05.json,ok,,ts_kkt_day_level,ts_kkt_47_19,turnover,0.05,1425172,15491.0,42,,71259.0,141.90800070762634,C:\Users\ivan\WORK\workshops\ICDM\Ablation\kkt_anomaly_outputs\results_csv\ts__ts_kkt_47_19_turnover_contam_0.05__ranked_kkt_days.csv,C:\Users\ivan\WORK\workshops\ICDM\Ablation\kkt_anomaly_outputs\results_csv\ts__ts_kkt_47_19_turnover_contam_0.05__top_kkt_days.csv,C:\Users\ivan\WORK\workshops\ICDM\Ablation\kkt_anomaly_outputs\results_csv\ts__ts_kkt_47_19_turnover_contam_0.05__device_aggregated_scores.csv
