expected_stage,actual_stage,dataset,group,contamination,expected_json,json_exists,status,n_features,n_rows,n_devices,runtime_sec,ranked_csv_exists,top_csv_exists,device_csv_exists,ranked_csv,top_csv,device_csv,error
agg_kkt_level,agg_kkt_level,agg_kkt_47_11,all_numeric,0.01,agg__agg_kkt_47_11_all_numeric_contam_0.01.json,True,ok,150,34443,,21.924367427825928,True,True,False,C:\Users\ivan\WORK\workshops\ICDM\Ablation\kkt_anomaly_outputs\results_csv\agg__agg_kkt_47_11_all_numeric_contam_0.01__ranked.csv,C:\Users\ivan\WORK\workshops\ICDM\Ablation\kkt_anomaly_outputs\results_csv\agg__agg_kkt_47_11_all_numeric_contam_0.01__top_anomalies.csv,,
agg_kkt_level,agg_kkt_level,agg_kkt_47_11,all_numeric,0.03,agg__agg_kkt_47_11_all_numeric_contam_0.03.json,True,ok,150,34443,,18.555602073669434,True,True,False,C:\Users\ivan\WORK\workshops\ICDM\Ablation\kkt_anomaly_outputs\results_csv\agg__agg_kkt_47_11_all_numeric_contam_0.03__ranked.csv,C:\Users\ivan\WORK\workshops\ICDM\Ablation\kkt_anomaly_outputs\results_csv\agg__agg_kkt_47_11_all_numeric_contam_0.03__top_anomalies.csv,,
agg_kkt_level,agg_kkt_level,agg_kkt_47_11,all_numeric,0.05,agg__agg_kkt_47_11_all_numeric_contam_0.05.json,True,ok,150,34443,,19.88470149040222,True,True,False,C:\Users\ivan\WORK\workshops\ICDM\Ablation\kkt_anomaly_outputs\results_csv\agg__agg_kkt_47_11_all_numeric_contam_0.05__ranked.csv,C:\Users\ivan\WORK\workshops\ICDM\Ablation\kkt_anomaly_outputs\results_csv\agg__agg_kkt_47_11_all_numeric_contam_0.05__top_anomalies.csv,,
agg_kkt_level,agg_kkt_level,agg_kkt_47_11,turnover,0.01,agg__agg_kkt_47_11_turnover_contam_0.01.json,True,ok,107,34443,,20.26685619354248,True,True,False,C:\Users\ivan\WORK\workshops\ICDM\Ablation\kkt_anomaly_outputs\results_csv\agg__agg_kkt_47_11_turnover_contam_0.01__ranked.csv,C:\Users\ivan\WORK\workshops\ICDM\Ablation\kkt_anomaly_outputs\results_csv\agg__agg_kkt_47_11_turnover_contam_0.01__top_anomalies.csv,,
agg_kkt_level,agg_kkt_level,agg_kkt_47_11,turnover,0.03,agg__agg_kkt_47_11_turnover_contam_0.03.json,True,ok,107,34443,,18.288036108016968,True,True,False,C:\Users\ivan\WORK\workshops\ICDM\Ablation\kkt_anomaly_outputs\results_csv\agg__agg_kkt_47_11_turnover_contam_0.03__ranked.csv,C:\Users\ivan\WORK\workshops\ICDM\Ablation\kkt_anomaly_outputs\results_csv\agg__agg_kkt_47_11_turnover_contam_0.03__top_anomalies.csv,,
agg_kkt_level,agg_kkt_level,agg_kkt_47_11,turnover,0.05,agg__agg_kkt_47_11_turnover_contam_0.05.json,True,ok,107,34443,,17.53811001777649,True,True,False,C:\Users\ivan\WORK\workshops\ICDM\Ablation\kkt_anomaly_outputs\results_csv\agg__agg_kkt_47_11_turnover_contam_0.05__ranked.csv,C:\Users\ivan\WORK\workshops\ICDM\Ablation\kkt_anomaly_outputs\results_csv\agg__agg_kkt_47_11_turnover_contam_0.05__top_anomalies.csv,,
agg_kkt_level,agg_kkt_level,agg_kkt_47_11,bills,0.01,agg__agg_kkt_47_11_bills_contam_0.01.json,True,ok,11,34443,,24.62763214111328,True,True,False,C:\Users\ivan\WORK\workshops\ICDM\Ablation\kkt_anomaly_outputs\results_csv\agg__agg_kkt_47_11_bills_contam_0.01__ranked.csv,C:\Users\ivan\WORK\workshops\ICDM\Ablation\kkt_anomaly_outputs\results_csv\agg__agg_kkt_47_11_bills_contam_0.01__top_anomalies.csv,,
agg_kkt_level,agg_kkt_level,agg_kkt_47_11,bills,0.03,agg__agg_kkt_47_11_bills_contam_0.03.json,True,ok,11,34443,,26.645548820495605,True,True,False,C:\Users\ivan\WORK\workshops\ICDM\Ablation\kkt_anomaly_outputs\results_csv\agg__agg_kkt_47_11_bills_contam_0.03__ranked.csv,C:\Users\ivan\WORK\workshops\ICDM\Ablation\kkt_anomaly_outputs\results_csv\agg__agg_kkt_47_11_bills_contam_0.03__top_anomalies.csv,,
agg_kkt_level,agg_kkt_level,agg_kkt_47_11,bills,0.05,agg__agg_kkt_47_11_bills_contam_0.05.json,True,ok,11,34443,,26.97125005722046,True,True,False,C:\Users\ivan\WORK\workshops\ICDM\Ablation\kkt_anomaly_outputs\results_csv\agg__agg_kkt_47_11_bills_contam_0.05__ranked.csv,C:\Users\ivan\WORK\workshops\ICDM\Ablation\kkt_anomaly_outputs\results_csv\agg__agg_kkt_47_11_bills_contam_0.05__top_anomalies.csv,,
agg_kkt_level,agg_kkt_level,agg_kkt_47_11,items_price,0.01,agg__agg_kkt_47_11_items_price_contam_0.01.json,True,ok,8,34443,,28.087613821029663,True,True,False,C:\Users\ivan\WORK\workshops\ICDM\Ablation\kkt_anomaly_outputs\results_csv\agg__agg_kkt_47_11_items_price_contam_0.01__ranked.csv,C:\Users\ivan\WORK\workshops\ICDM\Ablation\kkt_anomaly_outputs\results_csv\agg__agg_kkt_47_11_items_price_contam_0.01__top_anomalies.csv,,
agg_kkt_level,agg_kkt_level,agg_kkt_47_11,items_price,0.03,agg__agg_kkt_47_11_items_price_contam_0.03.json,True,ok,8,34443,,27.954680681228638,True,True,False,C:\Users\ivan\WORK\workshops\ICDM\Ablation\kkt_anomaly_outputs\results_csv\agg__agg_kkt_47_11_items_price_contam_0.03__ranked.csv,C:\Users\ivan\WORK\workshops\ICDM\Ablation\kkt_anomaly_outputs\results_csv\agg__agg_kkt_47_11_items_price_contam_0.03__top_anomalies.csv,,
agg_kkt_level,agg_kkt_level,agg_kkt_47_11,items_price,0.05,agg__agg_kkt_47_11_items_price_contam_0.05.json,True,ok,8,34443,,25.60054874420166,True,True,False,C:\Users\ivan\WORK\workshops\ICDM\Ablation\kkt_anomaly_outputs\results_csv\agg__agg_kkt_47_11_items_price_contam_0.05__ranked.csv,C:\Users\ivan\WORK\workshops\ICDM\Ablation\kkt_anomaly_outputs\results_csv\agg__agg_kkt_47_11_items_price_contam_0.05__top_anomalies.csv,,
agg_kkt_level,agg_kkt_level,agg_kkt_47_11,payment_mix,0.01,agg__agg_kkt_47_11_payment_mix_contam_0.01.json,True,ok,22,34443,,16.983002185821533,True,True,False,C:\Users\ivan\WORK\workshops\ICDM\Ablation\kkt_anomaly_outputs\results_csv\agg__agg_kkt_47_11_payment_mix_contam_0.01__ranked.csv,C:\Users\ivan\WORK\workshops\ICDM\Ablation\kkt_anomaly_outputs\results_csv\agg__agg_kkt_47_11_payment_mix_contam_0.01__top_anomalies.csv,,
agg_kkt_level,agg_kkt_level,agg_kkt_47_11,payment_mix,0.03,agg__agg_kkt_47_11_payment_mix_contam_0.03.json,True,ok,22,34443,,17.343998908996582,True,True,False,C:\Users\ivan\WORK\workshops\ICDM\Ablation\kkt_anomaly_outputs\results_csv\agg__agg_kkt_47_11_payment_mix_contam_0.03__ranked.csv,C:\Users\ivan\WORK\workshops\ICDM\Ablation\kkt_anomaly_outputs\results_csv\agg__agg_kkt_47_11_payment_mix_contam_0.03__top_anomalies.csv,,
agg_kkt_level,agg_kkt_level,agg_kkt_47_11,payment_mix,0.05,agg__agg_kkt_47_11_payment_mix_contam_0.05.json,True,ok,22,34443,,17.447999715805054,True,True,False,C:\Users\ivan\WORK\workshops\ICDM\Ablation\kkt_anomaly_outputs\results_csv\agg__agg_kkt_47_11_payment_mix_contam_0.05__ranked.csv,C:\Users\ivan\WORK\workshops\ICDM\Ablation\kkt_anomaly_outputs\results_csv\agg__agg_kkt_47_11_payment_mix_contam_0.05__top_anomalies.csv,,
agg_kkt_level,agg_kkt_level,agg_kkt_47_11,temporal,0.01,agg__agg_kkt_47_11_temporal_contam_0.01.json,True,ok,38,34443,,22.274471759796143,True,True,False,C:\Users\ivan\WORK\workshops\ICDM\Ablation\kkt_anomaly_outputs\results_csv\agg__agg_kkt_47_11_temporal_contam_0.01__ranked.csv,C:\Users\ivan\WORK\workshops\ICDM\Ablation\kkt_anomaly_outputs\results_csv\agg__agg_kkt_47_11_temporal_contam_0.01__top_anomalies.csv,,
agg_kkt_level,agg_kkt_level,agg_kkt_47_11,temporal,0.03,agg__agg_kkt_47_11_temporal_contam_0.03.json,True,ok,38,34443,,22.1032931804657,True,True,False,C:\Users\ivan\WORK\workshops\ICDM\Ablation\kkt_anomaly_outputs\results_csv\agg__agg_kkt_47_11_temporal_contam_0.03__ranked.csv,C:\Users\ivan\WORK\workshops\ICDM\Ablation\kkt_anomaly_outputs\results_csv\agg__agg_kkt_47_11_temporal_contam_0.03__top_anomalies.csv,,
agg_kkt_level,agg_kkt_level,agg_kkt_47_11,temporal,0.05,agg__agg_kkt_47_11_temporal_contam_0.05.json,True,ok,38,34443,,20.402103185653687,True,True,False,C:\Users\ivan\WORK\workshops\ICDM\Ablation\kkt_anomaly_outputs\results_csv\agg__agg_kkt_47_11_temporal_contam_0.05__ranked.csv,C:\Users\ivan\WORK\workshops\ICDM\Ablation\kkt_anomaly_outputs\results_csv\agg__agg_kkt_47_11_temporal_contam_0.05__top_anomalies.csv,,
agg_kkt_level,agg_kkt_level,agg_kkt_47_11,benford,0.01,agg__agg_kkt_47_11_benford_contam_0.01.json,True,ok,1,34443,,12.57786250114441,True,True,False,C:\Users\ivan\WORK\workshops\ICDM\Ablation\kkt_anomaly_outputs\results_csv\agg__agg_kkt_47_11_benford_contam_0.01__ranked.csv,C:\Users\ivan\WORK\workshops\ICDM\Ablation\kkt_anomaly_outputs\results_csv\agg__agg_kkt_47_11_benford_contam_0.01__top_anomalies.csv,,
agg_kkt_level,agg_kkt_level,agg_kkt_47_11,benford,0.03,agg__agg_kkt_47_11_benford_contam_0.03.json,True,ok,1,34443,,11.839292049407959,True,True,False,C:\Users\ivan\WORK\workshops\ICDM\Ablation\kkt_anomaly_outputs\results_csv\agg__agg_kkt_47_11_benford_contam_0.03__ranked.csv,C:\Users\ivan\WORK\workshops\ICDM\Ablation\kkt_anomaly_outputs\results_csv\agg__agg_kkt_47_11_benford_contam_0.03__top_anomalies.csv,,
agg_kkt_level,agg_kkt_level,agg_kkt_47_11,benford,0.05,agg__agg_kkt_47_11_benford_contam_0.05.json,True,ok,1,34443,,12.089233875274658,True,True,False,C:\Users\ivan\WORK\workshops\ICDM\Ablation\kkt_anomaly_outputs\results_csv\agg__agg_kkt_47_11_benford_contam_0.05__ranked.csv,C:\Users\ivan\WORK\workshops\ICDM\Ablation\kkt_anomaly_outputs\results_csv\agg__agg_kkt_47_11_benford_contam_0.05__top_anomalies.csv,,
agg_kkt_level,agg_kkt_level,agg_kkt_47_11,cross_corr,0.01,agg__agg_kkt_47_11_cross_corr_contam_0.01.json,True,ok,14,34443,,30.18132972717285,True,True,False,C:\Users\ivan\WORK\workshops\ICDM\Ablation\kkt_anomaly_outputs\results_csv\agg__agg_kkt_47_11_cross_corr_contam_0.01__ranked.csv,C:\Users\ivan\WORK\workshops\ICDM\Ablation\kkt_anomaly_outputs\results_csv\agg__agg_kkt_47_11_cross_corr_contam_0.01__top_anomalies.csv,,
agg_kkt_level,agg_kkt_level,agg_kkt_47_11,cross_corr,0.03,agg__agg_kkt_47_11_cross_corr_contam_0.03.json,True,ok,14,34443,,26.989867210388184,True,True,False,C:\Users\ivan\WORK\workshops\ICDM\Ablation\kkt_anomaly_outputs\results_csv\agg__agg_kkt_47_11_cross_corr_contam_0.03__ranked.csv,C:\Users\ivan\WORK\workshops\ICDM\Ablation\kkt_anomaly_outputs\results_csv\agg__agg_kkt_47_11_cross_corr_contam_0.03__top_anomalies.csv,,
agg_kkt_level,agg_kkt_level,agg_kkt_47_11,cross_corr,0.05,agg__agg_kkt_47_11_cross_corr_contam_0.05.json,True,ok,14,34443,,25.763094663619995,True,True,False,C:\Users\ivan\WORK\workshops\ICDM\Ablation\kkt_anomaly_outputs\results_csv\agg__agg_kkt_47_11_cross_corr_contam_0.05__ranked.csv,C:\Users\ivan\WORK\workshops\ICDM\Ablation\kkt_anomaly_outputs\results_csv\agg__agg_kkt_47_11_cross_corr_contam_0.05__top_anomalies.csv,,
agg_kkt_level,agg_kkt_level,agg_kkt_47_11,shape_complexity,0.01,agg__agg_kkt_47_11_shape_complexity_contam_0.01.json,True,ok,36,34443,,38.79410099983215,True,True,False,C:\Users\ivan\WORK\workshops\ICDM\Ablation\kkt_anomaly_outputs\results_csv\agg__agg_kkt_47_11_shape_complexity_contam_0.01__ranked.csv,C:\Users\ivan\WORK\workshops\ICDM\Ablation\kkt_anomaly_outputs\results_csv\agg__agg_kkt_47_11_shape_complexity_contam_0.01__top_anomalies.csv,,
agg_kkt_level,agg_kkt_level,agg_kkt_47_11,shape_complexity,0.03,agg__agg_kkt_47_11_shape_complexity_contam_0.03.json,True,ok,36,34443,,46.612454891204834,True,True,False,C:\Users\ivan\WORK\workshops\ICDM\Ablation\kkt_anomaly_outputs\results_csv\agg__agg_kkt_47_11_shape_complexity_contam_0.03__ranked.csv,C:\Users\ivan\WORK\workshops\ICDM\Ablation\kkt_anomaly_outputs\results_csv\agg__agg_kkt_47_11_shape_complexity_contam_0.03__top_anomalies.csv,,
agg_kkt_level,agg_kkt_level,agg_kkt_47_11,shape_complexity,0.05,agg__agg_kkt_47_11_shape_complexity_contam_0.05.json,True,ok,36,34443,,48.55659818649292,True,True,False,C:\Users\ivan\WORK\workshops\ICDM\Ablation\kkt_anomaly_outputs\results_csv\agg__agg_kkt_47_11_shape_complexity_contam_0.05__ranked.csv,C:\Users\ivan\WORK\workshops\ICDM\Ablation\kkt_anomaly_outputs\results_csv\agg__agg_kkt_47_11_shape_complexity_contam_0.05__top_anomalies.csv,,
agg_kkt_level,agg_kkt_level,agg_kkt_47_11,non_temporal,0.01,agg__agg_kkt_47_11_non_temporal_contam_0.01.json,True,ok,150,34443,,18.72800326347351,True,True,False,C:\Users\ivan\WORK\workshops\ICDM\Ablation\kkt_anomaly_outputs\results_csv\agg__agg_kkt_47_11_non_temporal_contam_0.01__ranked.csv,C:\Users\ivan\WORK\workshops\ICDM\Ablation\kkt_anomaly_outputs\results_csv\agg__agg_kkt_47_11_non_temporal_contam_0.01__top_anomalies.csv,,
agg_kkt_level,agg_kkt_level,agg_kkt_47_11,non_temporal,0.03,agg__agg_kkt_47_11_non_temporal_contam_0.03.json,True,ok,150,34443,,16.57300090789795,True,True,False,C:\Users\ivan\WORK\workshops\ICDM\Ablation\kkt_anomaly_outputs\results_csv\agg__agg_kkt_47_11_non_temporal_contam_0.03__ranked.csv,C:\Users\ivan\WORK\workshops\ICDM\Ablation\kkt_anomaly_outputs\results_csv\agg__agg_kkt_47_11_non_temporal_contam_0.03__top_anomalies.csv,,
agg_kkt_level,agg_kkt_level,agg_kkt_47_11,non_temporal,0.05,agg__agg_kkt_47_11_non_temporal_contam_0.05.json,True,ok,150,34443,,16.777996063232422,True,True,False,C:\Users\ivan\WORK\workshops\ICDM\Ablation\kkt_anomaly_outputs\results_csv\agg__agg_kkt_47_11_non_temporal_contam_0.05__ranked.csv,C:\Users\ivan\WORK\workshops\ICDM\Ablation\kkt_anomaly_outputs\results_csv\agg__agg_kkt_47_11_non_temporal_contam_0.05__top_anomalies.csv,,
agg_kkt_level,agg_kkt_level,agg_kkt_47_11,simple_core,0.01,agg__agg_kkt_47_11_simple_core_contam_0.01.json,True,ok,138,34443,,17.938002347946167,True,True,False,C:\Users\ivan\WORK\workshops\ICDM\Ablation\kkt_anomaly_outputs\results_csv\agg__agg_kkt_47_11_simple_core_contam_0.01__ranked.csv,C:\Users\ivan\WORK\workshops\ICDM\Ablation\kkt_anomaly_outputs\results_csv\agg__agg_kkt_47_11_simple_core_contam_0.01__top_anomalies.csv,,
agg_kkt_level,agg_kkt_level,agg_kkt_47_11,simple_core,0.03,agg__agg_kkt_47_11_simple_core_contam_0.03.json,True,ok,138,34443,,16.599002361297607,True,True,False,C:\Users\ivan\WORK\workshops\ICDM\Ablation\kkt_anomaly_outputs\results_csv\agg__agg_kkt_47_11_simple_core_contam_0.03__ranked.csv,C:\Users\ivan\WORK\workshops\ICDM\Ablation\kkt_anomaly_outputs\results_csv\agg__agg_kkt_47_11_simple_core_contam_0.03__top_anomalies.csv,,
agg_kkt_level,agg_kkt_level,agg_kkt_47_11,simple_core,0.05,agg__agg_kkt_47_11_simple_core_contam_0.05.json,True,ok,138,34443,,16.401012182235718,True,True,False,C:\Users\ivan\WORK\workshops\ICDM\Ablation\kkt_anomaly_outputs\results_csv\agg__agg_kkt_47_11_simple_core_contam_0.05__ranked.csv,C:\Users\ivan\WORK\workshops\ICDM\Ablation\kkt_anomaly_outputs\results_csv\agg__agg_kkt_47_11_simple_core_contam_0.05__top_anomalies.csv,,
agg_kkt_level,agg_kkt_level,agg_kkt_47_19,all_numeric,0.01,agg__agg_kkt_47_19_all_numeric_contam_0.01.json,True,ok,150,15491,,7.052000999450684,True,True,False,C:\Users\ivan\WORK\workshops\ICDM\Ablation\kkt_anomaly_outputs\results_csv\agg__agg_kkt_47_19_all_numeric_contam_0.01__ranked.csv,C:\Users\ivan\WORK\workshops\ICDM\Ablation\kkt_anomaly_outputs\results_csv\agg__agg_kkt_47_19_all_numeric_contam_0.01__top_anomalies.csv,,
agg_kkt_level,agg_kkt_level,agg_kkt_47_19,all_numeric,0.03,agg__agg_kkt_47_19_all_numeric_contam_0.03.json,True,ok,150,15491,,7.185003995895386,True,True,False,C:\Users\ivan\WORK\workshops\ICDM\Ablation\kkt_anomaly_outputs\results_csv\agg__agg_kkt_47_19_all_numeric_contam_0.03__ranked.csv,C:\Users\ivan\WORK\workshops\ICDM\Ablation\kkt_anomaly_outputs\results_csv\agg__agg_kkt_47_19_all_numeric_contam_0.03__top_anomalies.csv,,
agg_kkt_level,agg_kkt_level,agg_kkt_47_19,all_numeric,0.05,agg__agg_kkt_47_19_all_numeric_contam_0.05.json,True,ok,150,15491,,9.373003005981445,True,True,False,C:\Users\ivan\WORK\workshops\ICDM\Ablation\kkt_anomaly_outputs\results_csv\agg__agg_kkt_47_19_all_numeric_contam_0.05__ranked.csv,C:\Users\ivan\WORK\workshops\ICDM\Ablation\kkt_anomaly_outputs\results_csv\agg__agg_kkt_47_19_all_numeric_contam_0.05__top_anomalies.csv,,
agg_kkt_level,agg_kkt_level,agg_kkt_47_19,turnover,0.01,agg__agg_kkt_47_19_turnover_contam_0.01.json,True,ok,107,15491,,6.84699273109436,True,True,False,C:\Users\ivan\WORK\workshops\ICDM\Ablation\kkt_anomaly_outputs\results_csv\agg__agg_kkt_47_19_turnover_contam_0.01__ranked.csv,C:\Users\ivan\WORK\workshops\ICDM\Ablation\kkt_anomaly_outputs\results_csv\agg__agg_kkt_47_19_turnover_contam_0.01__top_anomalies.csv,,
agg_kkt_level,agg_kkt_level,agg_kkt_47_19,turnover,0.03,agg__agg_kkt_47_19_turnover_contam_0.03.json,True,ok,107,15491,,6.829000949859619,True,True,False,C:\Users\ivan\WORK\workshops\ICDM\Ablation\kkt_anomaly_outputs\results_csv\agg__agg_kkt_47_19_turnover_contam_0.03__ranked.csv,C:\Users\ivan\WORK\workshops\ICDM\Ablation\kkt_anomaly_outputs\results_csv\agg__agg_kkt_47_19_turnover_contam_0.03__top_anomalies.csv,,
agg_kkt_level,agg_kkt_level,agg_kkt_47_19,turnover,0.05,agg__agg_kkt_47_19_turnover_contam_0.05.json,True,ok,107,15491,,7.225000381469727,True,True,False,C:\Users\ivan\WORK\workshops\ICDM\Ablation\kkt_anomaly_outputs\results_csv\agg__agg_kkt_47_19_turnover_contam_0.05__ranked.csv,C:\Users\ivan\WORK\workshops\ICDM\Ablation\kkt_anomaly_outputs\results_csv\agg__agg_kkt_47_19_turnover_contam_0.05__top_anomalies.csv,,
agg_kkt_level,agg_kkt_level,agg_kkt_47_19,bills,0.01,agg__agg_kkt_47_19_bills_contam_0.01.json,True,ok,11,15491,,11.201002836227417,True,True,False,C:\Users\ivan\WORK\workshops\ICDM\Ablation\kkt_anomaly_outputs\results_csv\agg__agg_kkt_47_19_bills_contam_0.01__ranked.csv,C:\Users\ivan\WORK\workshops\ICDM\Ablation\kkt_anomaly_outputs\results_csv\agg__agg_kkt_47_19_bills_contam_0.01__top_anomalies.csv,,
agg_kkt_level,agg_kkt_level,agg_kkt_47_19,bills,0.03,agg__agg_kkt_47_19_bills_contam_0.03.json,True,ok,11,15491,,11.644999027252197,True,True,False,C:\Users\ivan\WORK\workshops\ICDM\Ablation\kkt_anomaly_outputs\results_csv\agg__agg_kkt_47_19_bills_contam_0.03__ranked.csv,C:\Users\ivan\WORK\workshops\ICDM\Ablation\kkt_anomaly_outputs\results_csv\agg__agg_kkt_47_19_bills_contam_0.03__top_anomalies.csv,,
agg_kkt_level,agg_kkt_level,agg_kkt_47_19,bills,0.05,agg__agg_kkt_47_19_bills_contam_0.05.json,True,ok,11,15491,,11.84800100326538,True,True,False,C:\Users\ivan\WORK\workshops\ICDM\Ablation\kkt_anomaly_outputs\results_csv\agg__agg_kkt_47_19_bills_contam_0.05__ranked.csv,C:\Users\ivan\WORK\workshops\ICDM\Ablation\kkt_anomaly_outputs\results_csv\agg__agg_kkt_47_19_bills_contam_0.05__top_anomalies.csv,,
agg_kkt_level,agg_kkt_level,agg_kkt_47_19,items_price,0.01,agg__agg_kkt_47_19_items_price_contam_0.01.json,True,ok,8,15491,,15.869001626968384,True,True,False,C:\Users\ivan\WORK\workshops\ICDM\Ablation\kkt_anomaly_outputs\results_csv\agg__agg_kkt_47_19_items_price_contam_0.01__ranked.csv,C:\Users\ivan\WORK\workshops\ICDM\Ablation\kkt_anomaly_outputs\results_csv\agg__agg_kkt_47_19_items_price_contam_0.01__top_anomalies.csv,,
agg_kkt_level,agg_kkt_level,agg_kkt_47_19,items_price,0.03,agg__agg_kkt_47_19_items_price_contam_0.03.json,True,ok,8,15491,,13.699999332427979,True,True,False,C:\Users\ivan\WORK\workshops\ICDM\Ablation\kkt_anomaly_outputs\results_csv\agg__agg_kkt_47_19_items_price_contam_0.03__ranked.csv,C:\Users\ivan\WORK\workshops\ICDM\Ablation\kkt_anomaly_outputs\results_csv\agg__agg_kkt_47_19_items_price_contam_0.03__top_anomalies.csv,,
agg_kkt_level,agg_kkt_level,agg_kkt_47_19,items_price,0.05,agg__agg_kkt_47_19_items_price_contam_0.05.json,True,ok,8,15491,,13.712997674942017,True,True,False,C:\Users\ivan\WORK\workshops\ICDM\Ablation\kkt_anomaly_outputs\results_csv\agg__agg_kkt_47_19_items_price_contam_0.05__ranked.csv,C:\Users\ivan\WORK\workshops\ICDM\Ablation\kkt_anomaly_outputs\results_csv\agg__agg_kkt_47_19_items_price_contam_0.05__top_anomalies.csv,,
agg_kkt_level,agg_kkt_level,agg_kkt_47_19,payment_mix,0.01,agg__agg_kkt_47_19_payment_mix_contam_0.01.json,True,ok,22,15491,,7.980997800827026,True,True,False,C:\Users\ivan\WORK\workshops\ICDM\Ablation\kkt_anomaly_outputs\results_csv\agg__agg_kkt_47_19_payment_mix_contam_0.01__ranked.csv,C:\Users\ivan\WORK\workshops\ICDM\Ablation\kkt_anomaly_outputs\results_csv\agg__agg_kkt_47_19_payment_mix_contam_0.01__top_anomalies.csv,,
agg_kkt_level,agg_kkt_level,agg_kkt_47_19,payment_mix,0.03,agg__agg_kkt_47_19_payment_mix_contam_0.03.json,True,ok,22,15491,,8.157999992370605,True,True,False,C:\Users\ivan\WORK\workshops\ICDM\Ablation\kkt_anomaly_outputs\results_csv\agg__agg_kkt_47_19_payment_mix_contam_0.03__ranked.csv,C:\Users\ivan\WORK\workshops\ICDM\Ablation\kkt_anomaly_outputs\results_csv\agg__agg_kkt_47_19_payment_mix_contam_0.03__top_anomalies.csv,,
agg_kkt_level,agg_kkt_level,agg_kkt_47_19,payment_mix,0.05,agg__agg_kkt_47_19_payment_mix_contam_0.05.json,True,ok,22,15491,,10.016003131866455,True,True,False,C:\Users\ivan\WORK\workshops\ICDM\Ablation\kkt_anomaly_outputs\results_csv\agg__agg_kkt_47_19_payment_mix_contam_0.05__ranked.csv,C:\Users\ivan\WORK\workshops\ICDM\Ablation\kkt_anomaly_outputs\results_csv\agg__agg_kkt_47_19_payment_mix_contam_0.05__top_anomalies.csv,,
agg_kkt_level,agg_kkt_level,agg_kkt_47_19,temporal,0.01,agg__agg_kkt_47_19_temporal_contam_0.01.json,True,ok,38,15491,,13.043318271636963,True,True,False,C:\Users\ivan\WORK\workshops\ICDM\Ablation\kkt_anomaly_outputs\results_csv\agg__agg_kkt_47_19_temporal_contam_0.01__ranked.csv,C:\Users\ivan\WORK\workshops\ICDM\Ablation\kkt_anomaly_outputs\results_csv\agg__agg_kkt_47_19_temporal_contam_0.01__top_anomalies.csv,,
agg_kkt_level,agg_kkt_level,agg_kkt_47_19,temporal,0.03,agg__agg_kkt_47_19_temporal_contam_0.03.json,True,ok,38,15491,,15.489498138427734,True,True,False,C:\Users\ivan\WORK\workshops\ICDM\Ablation\kkt_anomaly_outputs\results_csv\agg__agg_kkt_47_19_temporal_contam_0.03__ranked.csv,C:\Users\ivan\WORK\workshops\ICDM\Ablation\kkt_anomaly_outputs\results_csv\agg__agg_kkt_47_19_temporal_contam_0.03__top_anomalies.csv,,
agg_kkt_level,agg_kkt_level,agg_kkt_47_19,temporal,0.05,agg__agg_kkt_47_19_temporal_contam_0.05.json,True,ok,38,15491,,13.934024333953857,True,True,False,C:\Users\ivan\WORK\workshops\ICDM\Ablation\kkt_anomaly_outputs\results_csv\agg__agg_kkt_47_19_temporal_contam_0.05__ranked.csv,C:\Users\ivan\WORK\workshops\ICDM\Ablation\kkt_anomaly_outputs\results_csv\agg__agg_kkt_47_19_temporal_contam_0.05__top_anomalies.csv,,
agg_kkt_level,agg_kkt_level,agg_kkt_47_19,benford,0.01,agg__agg_kkt_47_19_benford_contam_0.01.json,True,ok,1,15491,,6.162000894546509,True,True,False,C:\Users\ivan\WORK\workshops\ICDM\Ablation\kkt_anomaly_outputs\results_csv\agg__agg_kkt_47_19_benford_contam_0.01__ranked.csv,C:\Users\ivan\WORK\workshops\ICDM\Ablation\kkt_anomaly_outputs\results_csv\agg__agg_kkt_47_19_benford_contam_0.01__top_anomalies.csv,,
agg_kkt_level,agg_kkt_level,agg_kkt_47_19,benford,0.03,agg__agg_kkt_47_19_benford_contam_0.03.json,True,ok,1,15491,,6.5626115798950195,True,True,False,C:\Users\ivan\WORK\workshops\ICDM\Ablation\kkt_anomaly_outputs\results_csv\agg__agg_kkt_47_19_benford_contam_0.03__ranked.csv,C:\Users\ivan\WORK\workshops\ICDM\Ablation\kkt_anomaly_outputs\results_csv\agg__agg_kkt_47_19_benford_contam_0.03__top_anomalies.csv,,
agg_kkt_level,agg_kkt_level,agg_kkt_47_19,benford,0.05,agg__agg_kkt_47_19_benford_contam_0.05.json,True,ok,1,15491,,8.060508728027344,True,True,False,C:\Users\ivan\WORK\workshops\ICDM\Ablation\kkt_anomaly_outputs\results_csv\agg__agg_kkt_47_19_benford_contam_0.05__ranked.csv,C:\Users\ivan\WORK\workshops\ICDM\Ablation\kkt_anomaly_outputs\results_csv\agg__agg_kkt_47_19_benford_contam_0.05__top_anomalies.csv,,
agg_kkt_level,agg_kkt_level,agg_kkt_47_19,cross_corr,0.01,agg__agg_kkt_47_19_cross_corr_contam_0.01.json,True,ok,14,15491,,13.305521249771118,True,True,False,C:\Users\ivan\WORK\workshops\ICDM\Ablation\kkt_anomaly_outputs\results_csv\agg__agg_kkt_47_19_cross_corr_contam_0.01__ranked.csv,C:\Users\ivan\WORK\workshops\ICDM\Ablation\kkt_anomaly_outputs\results_csv\agg__agg_kkt_47_19_cross_corr_contam_0.01__top_anomalies.csv,,
agg_kkt_level,agg_kkt_level,agg_kkt_47_19,cross_corr,0.03,agg__agg_kkt_47_19_cross_corr_contam_0.03.json,True,ok,14,15491,,14.779104471206665,True,True,False,C:\Users\ivan\WORK\workshops\ICDM\Ablation\kkt_anomaly_outputs\results_csv\agg__agg_kkt_47_19_cross_corr_contam_0.03__ranked.csv,C:\Users\ivan\WORK\workshops\ICDM\Ablation\kkt_anomaly_outputs\results_csv\agg__agg_kkt_47_19_cross_corr_contam_0.03__top_anomalies.csv,,
agg_kkt_level,agg_kkt_level,agg_kkt_47_19,cross_corr,0.05,agg__agg_kkt_47_19_cross_corr_contam_0.05.json,True,ok,14,15491,,13.964507579803467,True,True,False,C:\Users\ivan\WORK\workshops\ICDM\Ablation\kkt_anomaly_outputs\results_csv\agg__agg_kkt_47_19_cross_corr_contam_0.05__ranked.csv,C:\Users\ivan\WORK\workshops\ICDM\Ablation\kkt_anomaly_outputs\results_csv\agg__agg_kkt_47_19_cross_corr_contam_0.05__top_anomalies.csv,,
agg_kkt_level,agg_kkt_level,agg_kkt_47_19,shape_complexity,0.01,agg__agg_kkt_47_19_shape_complexity_contam_0.01.json,True,ok,36,15491,,27.21104645729065,True,True,False,C:\Users\ivan\WORK\workshops\ICDM\Ablation\kkt_anomaly_outputs\results_csv\agg__agg_kkt_47_19_shape_complexity_contam_0.01__ranked.csv,C:\Users\ivan\WORK\workshops\ICDM\Ablation\kkt_anomaly_outputs\results_csv\agg__agg_kkt_47_19_shape_complexity_contam_0.01__top_anomalies.csv,,
agg_kkt_level,agg_kkt_level,agg_kkt_47_19,shape_complexity,0.03,agg__agg_kkt_47_19_shape_complexity_contam_0.03.json,True,ok,36,15491,,25.459423065185547,True,True,False,C:\Users\ivan\WORK\workshops\ICDM\Ablation\kkt_anomaly_outputs\results_csv\agg__agg_kkt_47_19_shape_complexity_contam_0.03__ranked.csv,C:\Users\ivan\WORK\workshops\ICDM\Ablation\kkt_anomaly_outputs\results_csv\agg__agg_kkt_47_19_shape_complexity_contam_0.03__top_anomalies.csv,,
agg_kkt_level,agg_kkt_level,agg_kkt_47_19,shape_complexity,0.05,agg__agg_kkt_47_19_shape_complexity_contam_0.05.json,True,ok,36,15491,,28.6265869140625,True,True,False,C:\Users\ivan\WORK\workshops\ICDM\Ablation\kkt_anomaly_outputs\results_csv\agg__agg_kkt_47_19_shape_complexity_contam_0.05__ranked.csv,C:\Users\ivan\WORK\workshops\ICDM\Ablation\kkt_anomaly_outputs\results_csv\agg__agg_kkt_47_19_shape_complexity_contam_0.05__top_anomalies.csv,,
agg_kkt_level,agg_kkt_level,agg_kkt_47_19,non_temporal,0.01,agg__agg_kkt_47_19_non_temporal_contam_0.01.json,True,ok,150,15491,,6.909997940063477,True,True,False,C:\Users\ivan\WORK\workshops\ICDM\Ablation\kkt_anomaly_outputs\results_csv\agg__agg_kkt_47_19_non_temporal_contam_0.01__ranked.csv,C:\Users\ivan\WORK\workshops\ICDM\Ablation\kkt_anomaly_outputs\results_csv\agg__agg_kkt_47_19_non_temporal_contam_0.01__top_anomalies.csv,,
agg_kkt_level,agg_kkt_level,agg_kkt_47_19,non_temporal,0.03,agg__agg_kkt_47_19_non_temporal_contam_0.03.json,True,ok,150,15491,,7.09600043296814,True,True,False,C:\Users\ivan\WORK\workshops\ICDM\Ablation\kkt_anomaly_outputs\results_csv\agg__agg_kkt_47_19_non_temporal_contam_0.03__ranked.csv,C:\Users\ivan\WORK\workshops\ICDM\Ablation\kkt_anomaly_outputs\results_csv\agg__agg_kkt_47_19_non_temporal_contam_0.03__top_anomalies.csv,,
agg_kkt_level,agg_kkt_level,agg_kkt_47_19,non_temporal,0.05,agg__agg_kkt_47_19_non_temporal_contam_0.05.json,True,ok,150,15491,,7.286001205444336,True,True,False,C:\Users\ivan\WORK\workshops\ICDM\Ablation\kkt_anomaly_outputs\results_csv\agg__agg_kkt_47_19_non_temporal_contam_0.05__ranked.csv,C:\Users\ivan\WORK\workshops\ICDM\Ablation\kkt_anomaly_outputs\results_csv\agg__agg_kkt_47_19_non_temporal_contam_0.05__top_anomalies.csv,,
agg_kkt_level,agg_kkt_level,agg_kkt_47_19,simple_core,0.01,agg__agg_kkt_47_19_simple_core_contam_0.01.json,True,ok,138,15491,,7.201017141342163,True,True,False,C:\Users\ivan\WORK\workshops\ICDM\Ablation\kkt_anomaly_outputs\results_csv\agg__agg_kkt_47_19_simple_core_contam_0.01__ranked.csv,C:\Users\ivan\WORK\workshops\ICDM\Ablation\kkt_anomaly_outputs\results_csv\agg__agg_kkt_47_19_simple_core_contam_0.01__top_anomalies.csv,,
agg_kkt_level,agg_kkt_level,agg_kkt_47_19,simple_core,0.03,agg__agg_kkt_47_19_simple_core_contam_0.03.json,True,ok,138,15491,,6.870002746582031,True,True,False,C:\Users\ivan\WORK\workshops\ICDM\Ablation\kkt_anomaly_outputs\results_csv\agg__agg_kkt_47_19_simple_core_contam_0.03__ranked.csv,C:\Users\ivan\WORK\workshops\ICDM\Ablation\kkt_anomaly_outputs\results_csv\agg__agg_kkt_47_19_simple_core_contam_0.03__top_anomalies.csv,,
agg_kkt_level,agg_kkt_level,agg_kkt_47_19,simple_core,0.05,agg__agg_kkt_47_19_simple_core_contam_0.05.json,True,ok,138,15491,,7.13100004196167,True,True,False,C:\Users\ivan\WORK\workshops\ICDM\Ablation\kkt_anomaly_outputs\results_csv\agg__agg_kkt_47_19_simple_core_contam_0.05__ranked.csv,C:\Users\ivan\WORK\workshops\ICDM\Ablation\kkt_anomaly_outputs\results_csv\agg__agg_kkt_47_19_simple_core_contam_0.05__top_anomalies.csv,,
ts_kkt_day_level,ts_kkt_day_level,ts_kkt_47_11,all_numeric,0.01,ts__ts_kkt_47_11_all_numeric_contam_0.01.json,True,ok,87,3168756,34443.0,634.3215444087982,True,True,True,C:\Users\ivan\WORK\workshops\ICDM\Ablation\kkt_anomaly_outputs\results_csv\ts__ts_kkt_47_11_all_numeric_contam_0.01__ranked_kkt_days.csv,C:\Users\ivan\WORK\workshops\ICDM\Ablation\kkt_anomaly_outputs\results_csv\ts__ts_kkt_47_11_all_numeric_contam_0.01__top_kkt_days.csv,C:\Users\ivan\WORK\workshops\ICDM\Ablation\kkt_anomaly_outputs\results_csv\ts__ts_kkt_47_11_all_numeric_contam_0.01__device_aggregated_scores.csv,
ts_kkt_day_level,ts_kkt_day_level,ts_kkt_47_11,all_numeric,0.03,ts__ts_kkt_47_11_all_numeric_contam_0.03.json,True,ok,87,3168756,34443.0,473.6456210613251,True,True,True,C:\Users\ivan\WORK\workshops\ICDM\Ablation\kkt_anomaly_outputs\results_csv\ts__ts_kkt_47_11_all_numeric_contam_0.03__ranked_kkt_days.csv,C:\Users\ivan\WORK\workshops\ICDM\Ablation\kkt_anomaly_outputs\results_csv\ts__ts_kkt_47_11_all_numeric_contam_0.03__top_kkt_days.csv,C:\Users\ivan\WORK\workshops\ICDM\Ablation\kkt_anomaly_outputs\results_csv\ts__ts_kkt_47_11_all_numeric_contam_0.03__device_aggregated_scores.csv,
ts_kkt_day_level,ts_kkt_day_level,ts_kkt_47_11,all_numeric,0.05,ts__ts_kkt_47_11_all_numeric_contam_0.05.json,True,ok,87,3168756,34443.0,478.672226190567,True,True,True,C:\Users\ivan\WORK\workshops\ICDM\Ablation\kkt_anomaly_outputs\results_csv\ts__ts_kkt_47_11_all_numeric_contam_0.05__ranked_kkt_days.csv,C:\Users\ivan\WORK\workshops\ICDM\Ablation\kkt_anomaly_outputs\results_csv\ts__ts_kkt_47_11_all_numeric_contam_0.05__top_kkt_days.csv,C:\Users\ivan\WORK\workshops\ICDM\Ablation\kkt_anomaly_outputs\results_csv\ts__ts_kkt_47_11_all_numeric_contam_0.05__device_aggregated_scores.csv,
ts_kkt_day_level,ts_kkt_day_level,ts_kkt_47_11,core_daily,0.01,ts__ts_kkt_47_11_core_daily_contam_0.01.json,True,ok,18,3168756,34443.0,299.897141456604,True,True,True,C:\Users\ivan\WORK\workshops\ICDM\Ablation\kkt_anomaly_outputs\results_csv\ts__ts_kkt_47_11_core_daily_contam_0.01__ranked_kkt_days.csv,C:\Users\ivan\WORK\workshops\ICDM\Ablation\kkt_anomaly_outputs\results_csv\ts__ts_kkt_47_11_core_daily_contam_0.01__top_kkt_days.csv,C:\Users\ivan\WORK\workshops\ICDM\Ablation\kkt_anomaly_outputs\results_csv\ts__ts_kkt_47_11_core_daily_contam_0.01__device_aggregated_scores.csv,
ts_kkt_day_level,ts_kkt_day_level,ts_kkt_47_11,core_daily,0.03,ts__ts_kkt_47_11_core_daily_contam_0.03.json,True,ok,18,3168756,34443.0,288.32000756263733,True,True,True,C:\Users\ivan\WORK\workshops\ICDM\Ablation\kkt_anomaly_outputs\results_csv\ts__ts_kkt_47_11_core_daily_contam_0.03__ranked_kkt_days.csv,C:\Users\ivan\WORK\workshops\ICDM\Ablation\kkt_anomaly_outputs\results_csv\ts__ts_kkt_47_11_core_daily_contam_0.03__top_kkt_days.csv,C:\Users\ivan\WORK\workshops\ICDM\Ablation\kkt_anomaly_outputs\results_csv\ts__ts_kkt_47_11_core_daily_contam_0.03__device_aggregated_scores.csv,
ts_kkt_day_level,ts_kkt_day_level,ts_kkt_47_11,core_daily,0.05,ts__ts_kkt_47_11_core_daily_contam_0.05.json,True,ok,18,3168756,34443.0,293.86600399017334,True,True,True,C:\Users\ivan\WORK\workshops\ICDM\Ablation\kkt_anomaly_outputs\results_csv\ts__ts_kkt_47_11_core_daily_contam_0.05__ranked_kkt_days.csv,C:\Users\ivan\WORK\workshops\ICDM\Ablation\kkt_anomaly_outputs\results_csv\ts__ts_kkt_47_11_core_daily_contam_0.05__top_kkt_days.csv,C:\Users\ivan\WORK\workshops\ICDM\Ablation\kkt_anomaly_outputs\results_csv\ts__ts_kkt_47_11_core_daily_contam_0.05__device_aggregated_scores.csv,
ts_kkt_day_level,ts_kkt_day_level,ts_kkt_47_11,rolling_deviation,0.01,ts__ts_kkt_47_11_rolling_deviation_contam_0.01.json,True,ok,48,3168756,34443.0,348.1460347175598,True,True,True,C:\Users\ivan\WORK\workshops\ICDM\Ablation\kkt_anomaly_outputs\results_csv\ts__ts_kkt_47_11_rolling_deviation_contam_0.01__ranked_kkt_days.csv,C:\Users\ivan\WORK\workshops\ICDM\Ablation\kkt_anomaly_outputs\results_csv\ts__ts_kkt_47_11_rolling_deviation_contam_0.01__top_kkt_days.csv,C:\Users\ivan\WORK\workshops\ICDM\Ablation\kkt_anomaly_outputs\results_csv\ts__ts_kkt_47_11_rolling_deviation_contam_0.01__device_aggregated_scores.csv,
ts_kkt_day_level,ts_kkt_day_level,ts_kkt_47_11,rolling_deviation,0.03,ts__ts_kkt_47_11_rolling_deviation_contam_0.03.json,True,ok,48,3168756,34443.0,351.80199813842773,True,True,True,C:\Users\ivan\WORK\workshops\ICDM\Ablation\kkt_anomaly_outputs\results_csv\ts__ts_kkt_47_11_rolling_deviation_contam_0.03__ranked_kkt_days.csv,C:\Users\ivan\WORK\workshops\ICDM\Ablation\kkt_anomaly_outputs\results_csv\ts__ts_kkt_47_11_rolling_deviation_contam_0.03__top_kkt_days.csv,C:\Users\ivan\WORK\workshops\ICDM\Ablation\kkt_anomaly_outputs\results_csv\ts__ts_kkt_47_11_rolling_deviation_contam_0.03__device_aggregated_scores.csv,
ts_kkt_day_level,ts_kkt_day_level,ts_kkt_47_11,rolling_deviation,0.05,ts__ts_kkt_47_11_rolling_deviation_contam_0.05.json,True,ok,48,3168756,34443.0,350.1910011768341,True,True,True,C:\Users\ivan\WORK\workshops\ICDM\Ablation\kkt_anomaly_outputs\results_csv\ts__ts_kkt_47_11_rolling_deviation_contam_0.05__ranked_kkt_days.csv,C:\Users\ivan\WORK\workshops\ICDM\Ablation\kkt_anomaly_outputs\results_csv\ts__ts_kkt_47_11_rolling_deviation_contam_0.05__top_kkt_days.csv,C:\Users\ivan\WORK\workshops\ICDM\Ablation\kkt_anomaly_outputs\results_csv\ts__ts_kkt_47_11_rolling_deviation_contam_0.05__device_aggregated_scores.csv,
ts_kkt_day_level,ts_kkt_day_level,ts_kkt_47_11,peer_deviation,0.01,ts__ts_kkt_47_11_peer_deviation_contam_0.01.json,True,ok,6,3168756,34443.0,288.03300046920776,True,True,True,C:\Users\ivan\WORK\workshops\ICDM\Ablation\kkt_anomaly_outputs\results_csv\ts__ts_kkt_47_11_peer_deviation_contam_0.01__ranked_kkt_days.csv,C:\Users\ivan\WORK\workshops\ICDM\Ablation\kkt_anomaly_outputs\results_csv\ts__ts_kkt_47_11_peer_deviation_contam_0.01__top_kkt_days.csv,C:\Users\ivan\WORK\workshops\ICDM\Ablation\kkt_anomaly_outputs\results_csv\ts__ts_kkt_47_11_peer_deviation_contam_0.01__device_aggregated_scores.csv,
ts_kkt_day_level,ts_kkt_day_level,ts_kkt_47_11,peer_deviation,0.03,ts__ts_kkt_47_11_peer_deviation_contam_0.03.json,True,ok,6,3168756,34443.0,285.4060003757477,True,True,True,C:\Users\ivan\WORK\workshops\ICDM\Ablation\kkt_anomaly_outputs\results_csv\ts__ts_kkt_47_11_peer_deviation_contam_0.03__ranked_kkt_days.csv,C:\Users\ivan\WORK\workshops\ICDM\Ablation\kkt_anomaly_outputs\results_csv\ts__ts_kkt_47_11_peer_deviation_contam_0.03__top_kkt_days.csv,C:\Users\ivan\WORK\workshops\ICDM\Ablation\kkt_anomaly_outputs\results_csv\ts__ts_kkt_47_11_peer_deviation_contam_0.03__device_aggregated_scores.csv,
ts_kkt_day_level,ts_kkt_day_level,ts_kkt_47_11,peer_deviation,0.05,ts__ts_kkt_47_11_peer_deviation_contam_0.05.json,True,ok,6,3168756,34443.0,283.5420022010803,True,True,True,C:\Users\ivan\WORK\workshops\ICDM\Ablation\kkt_anomaly_outputs\results_csv\ts__ts_kkt_47_11_peer_deviation_contam_0.05__ranked_kkt_days.csv,C:\Users\ivan\WORK\workshops\ICDM\Ablation\kkt_anomaly_outputs\results_csv\ts__ts_kkt_47_11_peer_deviation_contam_0.05__top_kkt_days.csv,C:\Users\ivan\WORK\workshops\ICDM\Ablation\kkt_anomaly_outputs\results_csv\ts__ts_kkt_47_11_peer_deviation_contam_0.05__device_aggregated_scores.csv,
ts_kkt_day_level,ts_kkt_day_level,ts_kkt_47_11,payment_mix,0.01,ts__ts_kkt_47_11_payment_mix_contam_0.01.json,True,ok,20,3168756,34443.0,304.0229992866516,True,True,True,C:\Users\ivan\WORK\workshops\ICDM\Ablation\kkt_anomaly_outputs\results_csv\ts__ts_kkt_47_11_payment_mix_contam_0.01__ranked_kkt_days.csv,C:\Users\ivan\WORK\workshops\ICDM\Ablation\kkt_anomaly_outputs\results_csv\ts__ts_kkt_47_11_payment_mix_contam_0.01__top_kkt_days.csv,C:\Users\ivan\WORK\workshops\ICDM\Ablation\kkt_anomaly_outputs\results_csv\ts__ts_kkt_47_11_payment_mix_contam_0.01__device_aggregated_scores.csv,
ts_kkt_day_level,ts_kkt_day_level,ts_kkt_47_11,payment_mix,0.03,ts__ts_kkt_47_11_payment_mix_contam_0.03.json,True,ok,20,3168756,34443.0,304.0020008087158,True,True,True,C:\Users\ivan\WORK\workshops\ICDM\Ablation\kkt_anomaly_outputs\results_csv\ts__ts_kkt_47_11_payment_mix_contam_0.03__ranked_kkt_days.csv,C:\Users\ivan\WORK\workshops\ICDM\Ablation\kkt_anomaly_outputs\results_csv\ts__ts_kkt_47_11_payment_mix_contam_0.03__top_kkt_days.csv,C:\Users\ivan\WORK\workshops\ICDM\Ablation\kkt_anomaly_outputs\results_csv\ts__ts_kkt_47_11_payment_mix_contam_0.03__device_aggregated_scores.csv,
ts_kkt_day_level,ts_kkt_day_level,ts_kkt_47_11,payment_mix,0.05,ts__ts_kkt_47_11_payment_mix_contam_0.05.json,True,ok,20,3168756,34443.0,303.35500144958496,True,True,True,C:\Users\ivan\WORK\workshops\ICDM\Ablation\kkt_anomaly_outputs\results_csv\ts__ts_kkt_47_11_payment_mix_contam_0.05__ranked_kkt_days.csv,C:\Users\ivan\WORK\workshops\ICDM\Ablation\kkt_anomaly_outputs\results_csv\ts__ts_kkt_47_11_payment_mix_contam_0.05__top_kkt_days.csv,C:\Users\ivan\WORK\workshops\ICDM\Ablation\kkt_anomaly_outputs\results_csv\ts__ts_kkt_47_11_payment_mix_contam_0.05__device_aggregated_scores.csv,
ts_kkt_day_level,ts_kkt_day_level,ts_kkt_47_11,turnover,0.01,ts__ts_kkt_47_11_turnover_contam_0.01.json,True,ok,42,3168756,34443.0,345.9730017185211,True,True,True,C:\Users\ivan\WORK\workshops\ICDM\Ablation\kkt_anomaly_outputs\results_csv\ts__ts_kkt_47_11_turnover_contam_0.01__ranked_kkt_days.csv,C:\Users\ivan\WORK\workshops\ICDM\Ablation\kkt_anomaly_outputs\results_csv\ts__ts_kkt_47_11_turnover_contam_0.01__top_kkt_days.csv,C:\Users\ivan\WORK\workshops\ICDM\Ablation\kkt_anomaly_outputs\results_csv\ts__ts_kkt_47_11_turnover_contam_0.01__device_aggregated_scores.csv,
ts_kkt_day_level,ts_kkt_day_level,ts_kkt_47_11,turnover,0.03,ts__ts_kkt_47_11_turnover_contam_0.03.json,True,ok,42,3168756,34443.0,337.0200002193451,True,True,True,C:\Users\ivan\WORK\workshops\ICDM\Ablation\kkt_anomaly_outputs\results_csv\ts__ts_kkt_47_11_turnover_contam_0.03__ranked_kkt_days.csv,C:\Users\ivan\WORK\workshops\ICDM\Ablation\kkt_anomaly_outputs\results_csv\ts__ts_kkt_47_11_turnover_contam_0.03__top_kkt_days.csv,C:\Users\ivan\WORK\workshops\ICDM\Ablation\kkt_anomaly_outputs\results_csv\ts__ts_kkt_47_11_turnover_contam_0.03__device_aggregated_scores.csv,
ts_kkt_day_level,ts_kkt_day_level,ts_kkt_47_11,turnover,0.05,ts__ts_kkt_47_11_turnover_contam_0.05.json,True,ok,42,3168756,34443.0,333.6030020713806,True,True,True,C:\Users\ivan\WORK\workshops\ICDM\Ablation\kkt_anomaly_outputs\results_csv\ts__ts_kkt_47_11_turnover_contam_0.05__ranked_kkt_days.csv,C:\Users\ivan\WORK\workshops\ICDM\Ablation\kkt_anomaly_outputs\results_csv\ts__ts_kkt_47_11_turnover_contam_0.05__top_kkt_days.csv,C:\Users\ivan\WORK\workshops\ICDM\Ablation\kkt_anomaly_outputs\results_csv\ts__ts_kkt_47_11_turnover_contam_0.05__device_aggregated_scores.csv,
ts_kkt_day_level,ts_kkt_day_level,ts_kkt_47_11,bills_items,0.01,ts__ts_kkt_47_11_bills_items_contam_0.01.json,True,ok,29,3168756,34443.0,310.30399799346924,True,True,True,C:\Users\ivan\WORK\workshops\ICDM\Ablation\kkt_anomaly_outputs\results_csv\ts__ts_kkt_47_11_bills_items_contam_0.01__ranked_kkt_days.csv,C:\Users\ivan\WORK\workshops\ICDM\Ablation\kkt_anomaly_outputs\results_csv\ts__ts_kkt_47_11_bills_items_contam_0.01__top_kkt_days.csv,C:\Users\ivan\WORK\workshops\ICDM\Ablation\kkt_anomaly_outputs\results_csv\ts__ts_kkt_47_11_bills_items_contam_0.01__device_aggregated_scores.csv,
ts_kkt_day_level,ts_kkt_day_level,ts_kkt_47_11,bills_items,0.03,ts__ts_kkt_47_11_bills_items_contam_0.03.json,True,ok,29,3168756,34443.0,308.14399695396423,True,True,True,C:\Users\ivan\WORK\workshops\ICDM\Ablation\kkt_anomaly_outputs\results_csv\ts__ts_kkt_47_11_bills_items_contam_0.03__ranked_kkt_days.csv,C:\Users\ivan\WORK\workshops\ICDM\Ablation\kkt_anomaly_outputs\results_csv\ts__ts_kkt_47_11_bills_items_contam_0.03__top_kkt_days.csv,C:\Users\ivan\WORK\workshops\ICDM\Ablation\kkt_anomaly_outputs\results_csv\ts__ts_kkt_47_11_bills_items_contam_0.03__device_aggregated_scores.csv,
ts_kkt_day_level,ts_kkt_day_level,ts_kkt_47_11,bills_items,0.05,ts__ts_kkt_47_11_bills_items_contam_0.05.json,True,ok,29,3168756,34443.0,308.87900161743164,True,True,True,C:\Users\ivan\WORK\workshops\ICDM\Ablation\kkt_anomaly_outputs\results_csv\ts__ts_kkt_47_11_bills_items_contam_0.05__ranked_kkt_days.csv,C:\Users\ivan\WORK\workshops\ICDM\Ablation\kkt_anomaly_outputs\results_csv\ts__ts_kkt_47_11_bills_items_contam_0.05__top_kkt_days.csv,C:\Users\ivan\WORK\workshops\ICDM\Ablation\kkt_anomaly_outputs\results_csv\ts__ts_kkt_47_11_bills_items_contam_0.05__device_aggregated_scores.csv,
ts_kkt_day_level,ts_kkt_day_level,ts_kkt_47_19,all_numeric,0.01,ts__ts_kkt_47_19_all_numeric_contam_0.01.json,True,ok,87,1425172,15491.0,173.67800068855286,True,True,True,C:\Users\ivan\WORK\workshops\ICDM\Ablation\kkt_anomaly_outputs\results_csv\ts__ts_kkt_47_19_all_numeric_contam_0.01__ranked_kkt_days.csv,C:\Users\ivan\WORK\workshops\ICDM\Ablation\kkt_anomaly_outputs\results_csv\ts__ts_kkt_47_19_all_numeric_contam_0.01__top_kkt_days.csv,C:\Users\ivan\WORK\workshops\ICDM\Ablation\kkt_anomaly_outputs\results_csv\ts__ts_kkt_47_19_all_numeric_contam_0.01__device_aggregated_scores.csv,
ts_kkt_day_level,ts_kkt_day_level,ts_kkt_47_19,all_numeric,0.03,ts__ts_kkt_47_19_all_numeric_contam_0.03.json,True,ok,87,1425172,15491.0,169.02200174331665,True,True,True,C:\Users\ivan\WORK\workshops\ICDM\Ablation\kkt_anomaly_outputs\results_csv\ts__ts_kkt_47_19_all_numeric_contam_0.03__ranked_kkt_days.csv,C:\Users\ivan\WORK\workshops\ICDM\Ablation\kkt_anomaly_outputs\results_csv\ts__ts_kkt_47_19_all_numeric_contam_0.03__top_kkt_days.csv,C:\Users\ivan\WORK\workshops\ICDM\Ablation\kkt_anomaly_outputs\results_csv\ts__ts_kkt_47_19_all_numeric_contam_0.03__device_aggregated_scores.csv,
ts_kkt_day_level,ts_kkt_day_level,ts_kkt_47_19,all_numeric,0.05,ts__ts_kkt_47_19_all_numeric_contam_0.05.json,True,ok,87,1425172,15491.0,168.7999963760376,True,True,True,C:\Users\ivan\WORK\workshops\ICDM\Ablation\kkt_anomaly_outputs\results_csv\ts__ts_kkt_47_19_all_numeric_contam_0.05__ranked_kkt_days.csv,C:\Users\ivan\WORK\workshops\ICDM\Ablation\kkt_anomaly_outputs\results_csv\ts__ts_kkt_47_19_all_numeric_contam_0.05__top_kkt_days.csv,C:\Users\ivan\WORK\workshops\ICDM\Ablation\kkt_anomaly_outputs\results_csv\ts__ts_kkt_47_19_all_numeric_contam_0.05__device_aggregated_scores.csv,
ts_kkt_day_level,ts_kkt_day_level,ts_kkt_47_19,core_daily,0.01,ts__ts_kkt_47_19_core_daily_contam_0.01.json,True,ok,18,1425172,15491.0,127.1939697265625,True,True,True,C:\Users\ivan\WORK\workshops\ICDM\Ablation\kkt_anomaly_outputs\results_csv\ts__ts_kkt_47_19_core_daily_contam_0.01__ranked_kkt_days.csv,C:\Users\ivan\WORK\workshops\ICDM\Ablation\kkt_anomaly_outputs\results_csv\ts__ts_kkt_47_19_core_daily_contam_0.01__top_kkt_days.csv,C:\Users\ivan\WORK\workshops\ICDM\Ablation\kkt_anomaly_outputs\results_csv\ts__ts_kkt_47_19_core_daily_contam_0.01__device_aggregated_scores.csv,
ts_kkt_day_level,ts_kkt_day_level,ts_kkt_47_19,core_daily,0.03,ts__ts_kkt_47_19_core_daily_contam_0.03.json,True,ok,18,1425172,15491.0,126.7080020904541,True,True,True,C:\Users\ivan\WORK\workshops\ICDM\Ablation\kkt_anomaly_outputs\results_csv\ts__ts_kkt_47_19_core_daily_contam_0.03__ranked_kkt_days.csv,C:\Users\ivan\WORK\workshops\ICDM\Ablation\kkt_anomaly_outputs\results_csv\ts__ts_kkt_47_19_core_daily_contam_0.03__top_kkt_days.csv,C:\Users\ivan\WORK\workshops\ICDM\Ablation\kkt_anomaly_outputs\results_csv\ts__ts_kkt_47_19_core_daily_contam_0.03__device_aggregated_scores.csv,
ts_kkt_day_level,ts_kkt_day_level,ts_kkt_47_19,core_daily,0.05,ts__ts_kkt_47_19_core_daily_contam_0.05.json,True,ok,18,1425172,15491.0,126.55500173568726,True,True,True,C:\Users\ivan\WORK\workshops\ICDM\Ablation\kkt_anomaly_outputs\results_csv\ts__ts_kkt_47_19_core_daily_contam_0.05__ranked_kkt_days.csv,C:\Users\ivan\WORK\workshops\ICDM\Ablation\kkt_anomaly_outputs\results_csv\ts__ts_kkt_47_19_core_daily_contam_0.05__top_kkt_days.csv,C:\Users\ivan\WORK\workshops\ICDM\Ablation\kkt_anomaly_outputs\results_csv\ts__ts_kkt_47_19_core_daily_contam_0.05__device_aggregated_scores.csv,
ts_kkt_day_level,ts_kkt_day_level,ts_kkt_47_19,rolling_deviation,0.01,ts__ts_kkt_47_19_rolling_deviation_contam_0.01.json,True,ok,48,1425172,15491.0,139.47000217437744,True,True,True,C:\Users\ivan\WORK\workshops\ICDM\Ablation\kkt_anomaly_outputs\results_csv\ts__ts_kkt_47_19_rolling_deviation_contam_0.01__ranked_kkt_days.csv,C:\Users\ivan\WORK\workshops\ICDM\Ablation\kkt_anomaly_outputs\results_csv\ts__ts_kkt_47_19_rolling_deviation_contam_0.01__top_kkt_days.csv,C:\Users\ivan\WORK\workshops\ICDM\Ablation\kkt_anomaly_outputs\results_csv\ts__ts_kkt_47_19_rolling_deviation_contam_0.01__device_aggregated_scores.csv,
ts_kkt_day_level,ts_kkt_day_level,ts_kkt_47_19,rolling_deviation,0.03,ts__ts_kkt_47_19_rolling_deviation_contam_0.03.json,True,ok,48,1425172,15491.0,139.80499792099,True,True,True,C:\Users\ivan\WORK\workshops\ICDM\Ablation\kkt_anomaly_outputs\results_csv\ts__ts_kkt_47_19_rolling_deviation_contam_0.03__ranked_kkt_days.csv,C:\Users\ivan\WORK\workshops\ICDM\Ablation\kkt_anomaly_outputs\results_csv\ts__ts_kkt_47_19_rolling_deviation_contam_0.03__top_kkt_days.csv,C:\Users\ivan\WORK\workshops\ICDM\Ablation\kkt_anomaly_outputs\results_csv\ts__ts_kkt_47_19_rolling_deviation_contam_0.03__device_aggregated_scores.csv,
ts_kkt_day_level,ts_kkt_day_level,ts_kkt_47_19,rolling_deviation,0.05,ts__ts_kkt_47_19_rolling_deviation_contam_0.05.json,True,ok,48,1425172,15491.0,138.55100178718567,True,True,True,C:\Users\ivan\WORK\workshops\ICDM\Ablation\kkt_anomaly_outputs\results_csv\ts__ts_kkt_47_19_rolling_deviation_contam_0.05__ranked_kkt_days.csv,C:\Users\ivan\WORK\workshops\ICDM\Ablation\kkt_anomaly_outputs\results_csv\ts__ts_kkt_47_19_rolling_deviation_contam_0.05__top_kkt_days.csv,C:\Users\ivan\WORK\workshops\ICDM\Ablation\kkt_anomaly_outputs\results_csv\ts__ts_kkt_47_19_rolling_deviation_contam_0.05__device_aggregated_scores.csv,
ts_kkt_day_level,ts_kkt_day_level,ts_kkt_47_19,peer_deviation,0.01,ts__ts_kkt_47_19_peer_deviation_contam_0.01.json,True,ok,6,1425172,15491.0,126.05701494216919,True,True,True,C:\Users\ivan\WORK\workshops\ICDM\Ablation\kkt_anomaly_outputs\results_csv\ts__ts_kkt_47_19_peer_deviation_contam_0.01__ranked_kkt_days.csv,C:\Users\ivan\WORK\workshops\ICDM\Ablation\kkt_anomaly_outputs\results_csv\ts__ts_kkt_47_19_peer_deviation_contam_0.01__top_kkt_days.csv,C:\Users\ivan\WORK\workshops\ICDM\Ablation\kkt_anomaly_outputs\results_csv\ts__ts_kkt_47_19_peer_deviation_contam_0.01__device_aggregated_scores.csv,
ts_kkt_day_level,ts_kkt_day_level,ts_kkt_47_19,peer_deviation,0.03,ts__ts_kkt_47_19_peer_deviation_contam_0.03.json,True,ok,6,1425172,15491.0,127.14499711990356,True,True,True,C:\Users\ivan\WORK\workshops\ICDM\Ablation\kkt_anomaly_outputs\results_csv\ts__ts_kkt_47_19_peer_deviation_contam_0.03__ranked_kkt_days.csv,C:\Users\ivan\WORK\workshops\ICDM\Ablation\kkt_anomaly_outputs\results_csv\ts__ts_kkt_47_19_peer_deviation_contam_0.03__top_kkt_days.csv,C:\Users\ivan\WORK\workshops\ICDM\Ablation\kkt_anomaly_outputs\results_csv\ts__ts_kkt_47_19_peer_deviation_contam_0.03__device_aggregated_scores.csv,
ts_kkt_day_level,ts_kkt_day_level,ts_kkt_47_19,peer_deviation,0.05,ts__ts_kkt_47_19_peer_deviation_contam_0.05.json,True,ok,6,1425172,15491.0,125.92900276184082,True,True,True,C:\Users\ivan\WORK\workshops\ICDM\Ablation\kkt_anomaly_outputs\results_csv\ts__ts_kkt_47_19_peer_deviation_contam_0.05__ranked_kkt_days.csv,C:\Users\ivan\WORK\workshops\ICDM\Ablation\kkt_anomaly_outputs\results_csv\ts__ts_kkt_47_19_peer_deviation_contam_0.05__top_kkt_days.csv,C:\Users\ivan\WORK\workshops\ICDM\Ablation\kkt_anomaly_outputs\results_csv\ts__ts_kkt_47_19_peer_deviation_contam_0.05__device_aggregated_scores.csv,
ts_kkt_day_level,ts_kkt_day_level,ts_kkt_47_19,payment_mix,0.01,ts__ts_kkt_47_19_payment_mix_contam_0.01.json,True,ok,20,1425172,15491.0,135.7770004272461,True,True,True,C:\Users\ivan\WORK\workshops\ICDM\Ablation\kkt_anomaly_outputs\results_csv\ts__ts_kkt_47_19_payment_mix_contam_0.01__ranked_kkt_days.csv,C:\Users\ivan\WORK\workshops\ICDM\Ablation\kkt_anomaly_outputs\results_csv\ts__ts_kkt_47_19_payment_mix_contam_0.01__top_kkt_days.csv,C:\Users\ivan\WORK\workshops\ICDM\Ablation\kkt_anomaly_outputs\results_csv\ts__ts_kkt_47_19_payment_mix_contam_0.01__device_aggregated_scores.csv,
ts_kkt_day_level,ts_kkt_day_level,ts_kkt_47_19,payment_mix,0.03,ts__ts_kkt_47_19_payment_mix_contam_0.03.json,True,ok,20,1425172,15491.0,136.3159999847412,True,True,True,C:\Users\ivan\WORK\workshops\ICDM\Ablation\kkt_anomaly_outputs\results_csv\ts__ts_kkt_47_19_payment_mix_contam_0.03__ranked_kkt_days.csv,C:\Users\ivan\WORK\workshops\ICDM\Ablation\kkt_anomaly_outputs\results_csv\ts__ts_kkt_47_19_payment_mix_contam_0.03__top_kkt_days.csv,C:\Users\ivan\WORK\workshops\ICDM\Ablation\kkt_anomaly_outputs\results_csv\ts__ts_kkt_47_19_payment_mix_contam_0.03__device_aggregated_scores.csv,
ts_kkt_day_level,ts_kkt_day_level,ts_kkt_47_19,payment_mix,0.05,ts__ts_kkt_47_19_payment_mix_contam_0.05.json,True,ok,20,1425172,15491.0,135.94500470161438,True,True,True,C:\Users\ivan\WORK\workshops\ICDM\Ablation\kkt_anomaly_outputs\results_csv\ts__ts_kkt_47_19_payment_mix_contam_0.05__ranked_kkt_days.csv,C:\Users\ivan\WORK\workshops\ICDM\Ablation\kkt_anomaly_outputs\results_csv\ts__ts_kkt_47_19_payment_mix_contam_0.05__top_kkt_days.csv,C:\Users\ivan\WORK\workshops\ICDM\Ablation\kkt_anomaly_outputs\results_csv\ts__ts_kkt_47_19_payment_mix_contam_0.05__device_aggregated_scores.csv,
ts_kkt_day_level,ts_kkt_day_level,ts_kkt_47_19,turnover,0.01,ts__ts_kkt_47_19_turnover_contam_0.01.json,True,ok,42,1425172,15491.0,144.00899600982666,True,True,True,C:\Users\ivan\WORK\workshops\ICDM\Ablation\kkt_anomaly_outputs\results_csv\ts__ts_kkt_47_19_turnover_contam_0.01__ranked_kkt_days.csv,C:\Users\ivan\WORK\workshops\ICDM\Ablation\kkt_anomaly_outputs\results_csv\ts__ts_kkt_47_19_turnover_contam_0.01__top_kkt_days.csv,C:\Users\ivan\WORK\workshops\ICDM\Ablation\kkt_anomaly_outputs\results_csv\ts__ts_kkt_47_19_turnover_contam_0.01__device_aggregated_scores.csv,
ts_kkt_day_level,ts_kkt_day_level,ts_kkt_47_19,turnover,0.03,ts__ts_kkt_47_19_turnover_contam_0.03.json,True,ok,42,1425172,15491.0,141.80800127983093,True,True,True,C:\Users\ivan\WORK\workshops\ICDM\Ablation\kkt_anomaly_outputs\results_csv\ts__ts_kkt_47_19_turnover_contam_0.03__ranked_kkt_days.csv,C:\Users\ivan\WORK\workshops\ICDM\Ablation\kkt_anomaly_outputs\results_csv\ts__ts_kkt_47_19_turnover_contam_0.03__top_kkt_days.csv,C:\Users\ivan\WORK\workshops\ICDM\Ablation\kkt_anomaly_outputs\results_csv\ts__ts_kkt_47_19_turnover_contam_0.03__device_aggregated_scores.csv,
ts_kkt_day_level,ts_kkt_day_level,ts_kkt_47_19,turnover,0.05,ts__ts_kkt_47_19_turnover_contam_0.05.json,True,ok,42,1425172,15491.0,141.90800070762634,True,True,True,C:\Users\ivan\WORK\workshops\ICDM\Ablation\kkt_anomaly_outputs\results_csv\ts__ts_kkt_47_19_turnover_contam_0.05__ranked_kkt_days.csv,C:\Users\ivan\WORK\workshops\ICDM\Ablation\kkt_anomaly_outputs\results_csv\ts__ts_kkt_47_19_turnover_contam_0.05__top_kkt_days.csv,C:\Users\ivan\WORK\workshops\ICDM\Ablation\kkt_anomaly_outputs\results_csv\ts__ts_kkt_47_19_turnover_contam_0.05__device_aggregated_scores.csv,
ts_kkt_day_level,ts_kkt_day_level,ts_kkt_47_19,bills_items,0.01,ts__ts_kkt_47_19_bills_items_contam_0.01.json,True,ok,29,1425172,15491.0,138.21799993515015,True,True,True,C:\Users\ivan\WORK\workshops\ICDM\Ablation\kkt_anomaly_outputs\results_csv\ts__ts_kkt_47_19_bills_items_contam_0.01__ranked_kkt_days.csv,C:\Users\ivan\WORK\workshops\ICDM\Ablation\kkt_anomaly_outputs\results_csv\ts__ts_kkt_47_19_bills_items_contam_0.01__top_kkt_days.csv,C:\Users\ivan\WORK\workshops\ICDM\Ablation\kkt_anomaly_outputs\results_csv\ts__ts_kkt_47_19_bills_items_contam_0.01__device_aggregated_scores.csv,
ts_kkt_day_level,ts_kkt_day_level,ts_kkt_47_19,bills_items,0.03,ts__ts_kkt_47_19_bills_items_contam_0.03.json,True,ok,29,1425172,15491.0,137.07899975776672,True,True,True,C:\Users\ivan\WORK\workshops\ICDM\Ablation\kkt_anomaly_outputs\results_csv\ts__ts_kkt_47_19_bills_items_contam_0.03__ranked_kkt_days.csv,C:\Users\ivan\WORK\workshops\ICDM\Ablation\kkt_anomaly_outputs\results_csv\ts__ts_kkt_47_19_bills_items_contam_0.03__top_kkt_days.csv,C:\Users\ivan\WORK\workshops\ICDM\Ablation\kkt_anomaly_outputs\results_csv\ts__ts_kkt_47_19_bills_items_contam_0.03__device_aggregated_scores.csv,
ts_kkt_day_level,ts_kkt_day_level,ts_kkt_47_19,bills_items,0.05,ts__ts_kkt_47_19_bills_items_contam_0.05.json,True,ok,29,1425172,15491.0,136.9289994239807,True,True,True,C:\Users\ivan\WORK\workshops\ICDM\Ablation\kkt_anomaly_outputs\results_csv\ts__ts_kkt_47_19_bills_items_contam_0.05__ranked_kkt_days.csv,C:\Users\ivan\WORK\workshops\ICDM\Ablation\kkt_anomaly_outputs\results_csv\ts__ts_kkt_47_19_bills_items_contam_0.05__top_kkt_days.csv,C:\Users\ivan\WORK\workshops\ICDM\Ablation\kkt_anomaly_outputs\results_csv\ts__ts_kkt_47_19_bills_items_contam_0.05__device_aggregated_scores.csv,
