file,path,stage,dataset,group,contamination,status,error,n_rows,n_devices,n_features,n_top_anomalies,n_top_anomaly_days,top_score,median_score,runtime_sec,ranked_csv,top_csv,device_csv,created_at
agg__agg_kkt_47_11_all_numeric_contam_0.01.json,C:\Users\ivan\WORK\workshops\ICDM\Ablation\kkt_anomaly_outputs\results_json\agg__agg_kkt_47_11_all_numeric_contam_0.01.json,agg_kkt_level,agg_kkt_47_11,all_numeric,0.01,ok,,34443,,150,345.0,,1.0,0.15977277936290846,21.924367427825928,C:\Users\ivan\WORK\workshops\ICDM\Ablation\kkt_anomaly_outputs\results_csv\agg__agg_kkt_47_11_all_numeric_contam_0.01__ranked.csv,C:\Users\ivan\WORK\workshops\ICDM\Ablation\kkt_anomaly_outputs\results_csv\agg__agg_kkt_47_11_all_numeric_contam_0.01__top_anomalies.csv,,2026-05-17 16:05:18
agg__agg_kkt_47_11_all_numeric_contam_0.03.json,C:\Users\ivan\WORK\workshops\ICDM\Ablation\kkt_anomaly_outputs\results_json\agg__agg_kkt_47_11_all_numeric_contam_0.03.json,agg_kkt_level,agg_kkt_47_11,all_numeric,0.03,ok,,34443,,150,1034.0,,1.0,0.15977277936290846,18.555602073669434,C:\Users\ivan\WORK\workshops\ICDM\Ablation\kkt_anomaly_outputs\results_csv\agg__agg_kkt_47_11_all_numeric_contam_0.03__ranked.csv,C:\Users\ivan\WORK\workshops\ICDM\Ablation\kkt_anomaly_outputs\results_csv\agg__agg_kkt_47_11_all_numeric_contam_0.03__top_anomalies.csv,,2026-05-17 16:05:36
agg__agg_kkt_47_11_all_numeric_contam_0.05.json,C:\Users\ivan\WORK\workshops\ICDM\Ablation\kkt_anomaly_outputs\results_json\agg__agg_kkt_47_11_all_numeric_contam_0.05.json,agg_kkt_level,agg_kkt_47_11,all_numeric,0.05,ok,,34443,,150,1723.0,,1.0,0.15977277936290848,19.88470149040222,C:\Users\ivan\WORK\workshops\ICDM\Ablation\kkt_anomaly_outputs\results_csv\agg__agg_kkt_47_11_all_numeric_contam_0.05__ranked.csv,C:\Users\ivan\WORK\workshops\ICDM\Ablation\kkt_anomaly_outputs\results_csv\agg__agg_kkt_47_11_all_numeric_contam_0.05__top_anomalies.csv,,2026-05-17 16:05:56
agg__agg_kkt_47_11_benford_contam_0.01.json,C:\Users\ivan\WORK\workshops\ICDM\Ablation\kkt_anomaly_outputs\results_json\agg__agg_kkt_47_11_benford_contam_0.01.json,agg_kkt_level,agg_kkt_47_11,benford,0.01,ok,,34443,,1,345.0,,1.0,0.1417658861533795,12.57786250114441,C:\Users\ivan\WORK\workshops\ICDM\Ablation\kkt_anomaly_outputs\results_csv\agg__agg_kkt_47_11_benford_contam_0.01__ranked.csv,C:\Users\ivan\WORK\workshops\ICDM\Ablation\kkt_anomaly_outputs\results_csv\agg__agg_kkt_47_11_benford_contam_0.01__top_anomalies.csv,,2026-05-18 07:55:04
agg__agg_kkt_47_11_benford_contam_0.03.json,C:\Users\ivan\WORK\workshops\ICDM\Ablation\kkt_anomaly_outputs\results_json\agg__agg_kkt_47_11_benford_contam_0.03.json,agg_kkt_level,agg_kkt_47_11,benford,0.03,ok,,34443,,1,1034.0,,1.0,0.1417658861533795,11.839292049407959,C:\Users\ivan\WORK\workshops\ICDM\Ablation\kkt_anomaly_outputs\results_csv\agg__agg_kkt_47_11_benford_contam_0.03__ranked.csv,C:\Users\ivan\WORK\workshops\ICDM\Ablation\kkt_anomaly_outputs\results_csv\agg__agg_kkt_47_11_benford_contam_0.03__top_anomalies.csv,,2026-05-18 07:55:16
agg__agg_kkt_47_11_benford_contam_0.05.json,C:\Users\ivan\WORK\workshops\ICDM\Ablation\kkt_anomaly_outputs\results_json\agg__agg_kkt_47_11_benford_contam_0.05.json,agg_kkt_level,agg_kkt_47_11,benford,0.05,ok,,34443,,1,1723.0,,1.0,0.1417658861533795,12.089233875274658,C:\Users\ivan\WORK\workshops\ICDM\Ablation\kkt_anomaly_outputs\results_csv\agg__agg_kkt_47_11_benford_contam_0.05__ranked.csv,C:\Users\ivan\WORK\workshops\ICDM\Ablation\kkt_anomaly_outputs\results_csv\agg__agg_kkt_47_11_benford_contam_0.05__top_anomalies.csv,,2026-05-18 07:55:28
agg__agg_kkt_47_11_bills_contam_0.01.json,C:\Users\ivan\WORK\workshops\ICDM\Ablation\kkt_anomaly_outputs\results_json\agg__agg_kkt_47_11_bills_contam_0.01.json,agg_kkt_level,agg_kkt_47_11,bills,0.01,ok,,34443,,11,345.0,,1.0,0.1583436768859586,24.62763214111328,C:\Users\ivan\WORK\workshops\ICDM\Ablation\kkt_anomaly_outputs\results_csv\agg__agg_kkt_47_11_bills_contam_0.01__ranked.csv,C:\Users\ivan\WORK\workshops\ICDM\Ablation\kkt_anomaly_outputs\results_csv\agg__agg_kkt_47_11_bills_contam_0.01__top_anomalies.csv,,2026-05-17 16:07:50
agg__agg_kkt_47_11_bills_contam_0.03.json,C:\Users\ivan\WORK\workshops\ICDM\Ablation\kkt_anomaly_outputs\results_json\agg__agg_kkt_47_11_bills_contam_0.03.json,agg_kkt_level,agg_kkt_47_11,bills,0.03,ok,,34443,,11,1034.0,,1.0,0.1583436768859585,26.645548820495605,C:\Users\ivan\WORK\workshops\ICDM\Ablation\kkt_anomaly_outputs\results_csv\agg__agg_kkt_47_11_bills_contam_0.03__ranked.csv,C:\Users\ivan\WORK\workshops\ICDM\Ablation\kkt_anomaly_outputs\results_csv\agg__agg_kkt_47_11_bills_contam_0.03__top_anomalies.csv,,2026-05-17 16:08:17
agg__agg_kkt_47_11_bills_contam_0.05.json,C:\Users\ivan\WORK\workshops\ICDM\Ablation\kkt_anomaly_outputs\results_json\agg__agg_kkt_47_11_bills_contam_0.05.json,agg_kkt_level,agg_kkt_47_11,bills,0.05,ok,,34443,,11,1723.0,,1.0,0.1583436768859585,26.97125005722046,C:\Users\ivan\WORK\workshops\ICDM\Ablation\kkt_anomaly_outputs\results_csv\agg__agg_kkt_47_11_bills_contam_0.05__ranked.csv,C:\Users\ivan\WORK\workshops\ICDM\Ablation\kkt_anomaly_outputs\results_csv\agg__agg_kkt_47_11_bills_contam_0.05__top_anomalies.csv,,2026-05-17 16:08:44
agg__agg_kkt_47_11_cross_corr_contam_0.01.json,C:\Users\ivan\WORK\workshops\ICDM\Ablation\kkt_anomaly_outputs\results_json\agg__agg_kkt_47_11_cross_corr_contam_0.01.json,agg_kkt_level,agg_kkt_47_11,cross_corr,0.01,ok,,34443,,14,345.0,,1.0,0.16684427046350253,30.18132972717285,C:\Users\ivan\WORK\workshops\ICDM\Ablation\kkt_anomaly_outputs\results_csv\agg__agg_kkt_47_11_cross_corr_contam_0.01__ranked.csv,C:\Users\ivan\WORK\workshops\ICDM\Ablation\kkt_anomaly_outputs\results_csv\agg__agg_kkt_47_11_cross_corr_contam_0.01__top_anomalies.csv,,2026-05-18 07:55:58
agg__agg_kkt_47_11_cross_corr_contam_0.03.json,C:\Users\ivan\WORK\workshops\ICDM\Ablation\kkt_anomaly_outputs\results_json\agg__agg_kkt_47_11_cross_corr_contam_0.03.json,agg_kkt_level,agg_kkt_47_11,cross_corr,0.03,ok,,34443,,14,1034.0,,1.0,0.16684427046350253,26.989867210388184,C:\Users\ivan\WORK\workshops\ICDM\Ablation\kkt_anomaly_outputs\results_csv\agg__agg_kkt_47_11_cross_corr_contam_0.03__ranked.csv,C:\Users\ivan\WORK\workshops\ICDM\Ablation\kkt_anomaly_outputs\results_csv\agg__agg_kkt_47_11_cross_corr_contam_0.03__top_anomalies.csv,,2026-05-18 07:56:25
agg__agg_kkt_47_11_cross_corr_contam_0.05.json,C:\Users\ivan\WORK\workshops\ICDM\Ablation\kkt_anomaly_outputs\results_json\agg__agg_kkt_47_11_cross_corr_contam_0.05.json,agg_kkt_level,agg_kkt_47_11,cross_corr,0.05,ok,,34443,,14,1723.0,,1.0,0.16684427046350253,25.763094663619995,C:\Users\ivan\WORK\workshops\ICDM\Ablation\kkt_anomaly_outputs\results_csv\agg__agg_kkt_47_11_cross_corr_contam_0.05__ranked.csv,C:\Users\ivan\WORK\workshops\ICDM\Ablation\kkt_anomaly_outputs\results_csv\agg__agg_kkt_47_11_cross_corr_contam_0.05__top_anomalies.csv,,2026-05-18 07:56:51
agg__agg_kkt_47_11_items_price_contam_0.01.json,C:\Users\ivan\WORK\workshops\ICDM\Ablation\kkt_anomaly_outputs\results_json\agg__agg_kkt_47_11_items_price_contam_0.01.json,agg_kkt_level,agg_kkt_47_11,items_price,0.01,ok,,34443,,8,345.0,,1.0,0.05758869812234337,28.087613821029663,C:\Users\ivan\WORK\workshops\ICDM\Ablation\kkt_anomaly_outputs\results_csv\agg__agg_kkt_47_11_items_price_contam_0.01__ranked.csv,C:\Users\ivan\WORK\workshops\ICDM\Ablation\kkt_anomaly_outputs\results_csv\agg__agg_kkt_47_11_items_price_contam_0.01__top_anomalies.csv,,2026-05-17 16:09:12
agg__agg_kkt_47_11_items_price_contam_0.03.json,C:\Users\ivan\WORK\workshops\ICDM\Ablation\kkt_anomaly_outputs\results_json\agg__agg_kkt_47_11_items_price_contam_0.03.json,agg_kkt_level,agg_kkt_47_11,items_price,0.03,ok,,34443,,8,1034.0,,1.0,0.0575886981223434,27.954680681228638,C:\Users\ivan\WORK\workshops\ICDM\Ablation\kkt_anomaly_outputs\results_csv\agg__agg_kkt_47_11_items_price_contam_0.03__ranked.csv,C:\Users\ivan\WORK\workshops\ICDM\Ablation\kkt_anomaly_outputs\results_csv\agg__agg_kkt_47_11_items_price_contam_0.03__top_anomalies.csv,,2026-05-17 16:09:40
agg__agg_kkt_47_11_items_price_contam_0.05.json,C:\Users\ivan\WORK\workshops\ICDM\Ablation\kkt_anomaly_outputs\results_json\agg__agg_kkt_47_11_items_price_contam_0.05.json,agg_kkt_level,agg_kkt_47_11,items_price,0.05,ok,,34443,,8,1723.0,,1.0,0.0575886981223434,25.60054874420166,C:\Users\ivan\WORK\workshops\ICDM\Ablation\kkt_anomaly_outputs\results_csv\agg__agg_kkt_47_11_items_price_contam_0.05__ranked.csv,C:\Users\ivan\WORK\workshops\ICDM\Ablation\kkt_anomaly_outputs\results_csv\agg__agg_kkt_47_11_items_price_contam_0.05__top_anomalies.csv,,2026-05-17 16:10:05
agg__agg_kkt_47_11_non_temporal_contam_0.01.json,C:\Users\ivan\WORK\workshops\ICDM\Ablation\kkt_anomaly_outputs\results_json\agg__agg_kkt_47_11_non_temporal_contam_0.01.json,agg_kkt_level,agg_kkt_47_11,non_temporal,0.01,ok,,34443,,150,345.0,,1.0,0.15977277936290846,18.72800326347351,C:\Users\ivan\WORK\workshops\ICDM\Ablation\kkt_anomaly_outputs\results_csv\agg__agg_kkt_47_11_non_temporal_contam_0.01__ranked.csv,C:\Users\ivan\WORK\workshops\ICDM\Ablation\kkt_anomaly_outputs\results_csv\agg__agg_kkt_47_11_non_temporal_contam_0.01__top_anomalies.csv,,2026-05-17 16:11:16
agg__agg_kkt_47_11_non_temporal_contam_0.03.json,C:\Users\ivan\WORK\workshops\ICDM\Ablation\kkt_anomaly_outputs\results_json\agg__agg_kkt_47_11_non_temporal_contam_0.03.json,agg_kkt_level,agg_kkt_47_11,non_temporal,0.03,ok,,34443,,150,1034.0,,1.0,0.15977277936290846,16.57300090789795,C:\Users\ivan\WORK\workshops\ICDM\Ablation\kkt_anomaly_outputs\results_csv\agg__agg_kkt_47_11_non_temporal_contam_0.03__ranked.csv,C:\Users\ivan\WORK\workshops\ICDM\Ablation\kkt_anomaly_outputs\results_csv\agg__agg_kkt_47_11_non_temporal_contam_0.03__top_anomalies.csv,,2026-05-17 16:11:33
agg__agg_kkt_47_11_non_temporal_contam_0.05.json,C:\Users\ivan\WORK\workshops\ICDM\Ablation\kkt_anomaly_outputs\results_json\agg__agg_kkt_47_11_non_temporal_contam_0.05.json,agg_kkt_level,agg_kkt_47_11,non_temporal,0.05,ok,,34443,,150,1723.0,,1.0,0.15977277936290848,16.777996063232422,C:\Users\ivan\WORK\workshops\ICDM\Ablation\kkt_anomaly_outputs\results_csv\agg__agg_kkt_47_11_non_temporal_contam_0.05__ranked.csv,C:\Users\ivan\WORK\workshops\ICDM\Ablation\kkt_anomaly_outputs\results_csv\agg__agg_kkt_47_11_non_temporal_contam_0.05__top_anomalies.csv,,2026-05-17 16:11:49
agg__agg_kkt_47_11_payment_mix_contam_0.01.json,C:\Users\ivan\WORK\workshops\ICDM\Ablation\kkt_anomaly_outputs\results_json\agg__agg_kkt_47_11_payment_mix_contam_0.01.json,agg_kkt_level,agg_kkt_47_11,payment_mix,0.01,ok,,34443,,22,345.0,,1.0,0.1642367504043306,16.983002185821533,C:\Users\ivan\WORK\workshops\ICDM\Ablation\kkt_anomaly_outputs\results_csv\agg__agg_kkt_47_11_payment_mix_contam_0.01__ranked.csv,C:\Users\ivan\WORK\workshops\ICDM\Ablation\kkt_anomaly_outputs\results_csv\agg__agg_kkt_47_11_payment_mix_contam_0.01__top_anomalies.csv,,2026-05-17 16:10:22
agg__agg_kkt_47_11_payment_mix_contam_0.03.json,C:\Users\ivan\WORK\workshops\ICDM\Ablation\kkt_anomaly_outputs\results_json\agg__agg_kkt_47_11_payment_mix_contam_0.03.json,agg_kkt_level,agg_kkt_47_11,payment_mix,0.03,ok,,34443,,22,1034.0,,1.0,0.16423675040433064,17.343998908996582,C:\Users\ivan\WORK\workshops\ICDM\Ablation\kkt_anomaly_outputs\results_csv\agg__agg_kkt_47_11_payment_mix_contam_0.03__ranked.csv,C:\Users\ivan\WORK\workshops\ICDM\Ablation\kkt_anomaly_outputs\results_csv\agg__agg_kkt_47_11_payment_mix_contam_0.03__top_anomalies.csv,,2026-05-17 16:10:40
agg__agg_kkt_47_11_payment_mix_contam_0.05.json,C:\Users\ivan\WORK\workshops\ICDM\Ablation\kkt_anomaly_outputs\results_json\agg__agg_kkt_47_11_payment_mix_contam_0.05.json,agg_kkt_level,agg_kkt_47_11,payment_mix,0.05,ok,,34443,,22,1723.0,,1.0,0.16423675040433064,17.447999715805054,C:\Users\ivan\WORK\workshops\ICDM\Ablation\kkt_anomaly_outputs\results_csv\agg__agg_kkt_47_11_payment_mix_contam_0.05__ranked.csv,C:\Users\ivan\WORK\workshops\ICDM\Ablation\kkt_anomaly_outputs\results_csv\agg__agg_kkt_47_11_payment_mix_contam_0.05__top_anomalies.csv,,2026-05-17 16:10:57
agg__agg_kkt_47_11_shape_complexity_contam_0.01.json,C:\Users\ivan\WORK\workshops\ICDM\Ablation\kkt_anomaly_outputs\results_json\agg__agg_kkt_47_11_shape_complexity_contam_0.01.json,agg_kkt_level,agg_kkt_47_11,shape_complexity,0.01,ok,,34443,,36,345.0,,1.0,0.2340571495463892,38.79410099983215,C:\Users\ivan\WORK\workshops\ICDM\Ablation\kkt_anomaly_outputs\results_csv\agg__agg_kkt_47_11_shape_complexity_contam_0.01__ranked.csv,C:\Users\ivan\WORK\workshops\ICDM\Ablation\kkt_anomaly_outputs\results_csv\agg__agg_kkt_47_11_shape_complexity_contam_0.01__top_anomalies.csv,,2026-05-18 07:57:30
agg__agg_kkt_47_11_shape_complexity_contam_0.03.json,C:\Users\ivan\WORK\workshops\ICDM\Ablation\kkt_anomaly_outputs\results_json\agg__agg_kkt_47_11_shape_complexity_contam_0.03.json,agg_kkt_level,agg_kkt_47_11,shape_complexity,0.03,ok,,34443,,36,1034.0,,1.0,0.2340571495463892,46.612454891204834,C:\Users\ivan\WORK\workshops\ICDM\Ablation\kkt_anomaly_outputs\results_csv\agg__agg_kkt_47_11_shape_complexity_contam_0.03__ranked.csv,C:\Users\ivan\WORK\workshops\ICDM\Ablation\kkt_anomaly_outputs\results_csv\agg__agg_kkt_47_11_shape_complexity_contam_0.03__top_anomalies.csv,,2026-05-18 07:58:17
agg__agg_kkt_47_11_shape_complexity_contam_0.05.json,C:\Users\ivan\WORK\workshops\ICDM\Ablation\kkt_anomaly_outputs\results_json\agg__agg_kkt_47_11_shape_complexity_contam_0.05.json,agg_kkt_level,agg_kkt_47_11,shape_complexity,0.05,ok,,34443,,36,1723.0,,1.0,0.2340571495463892,48.55659818649292,C:\Users\ivan\WORK\workshops\ICDM\Ablation\kkt_anomaly_outputs\results_csv\agg__agg_kkt_47_11_shape_complexity_contam_0.05__ranked.csv,C:\Users\ivan\WORK\workshops\ICDM\Ablation\kkt_anomaly_outputs\results_csv\agg__agg_kkt_47_11_shape_complexity_contam_0.05__top_anomalies.csv,,2026-05-18 07:59:05
agg__agg_kkt_47_11_simple_core_contam_0.01.json,C:\Users\ivan\WORK\workshops\ICDM\Ablation\kkt_anomaly_outputs\results_json\agg__agg_kkt_47_11_simple_core_contam_0.01.json,agg_kkt_level,agg_kkt_47_11,simple_core,0.01,ok,,34443,,138,345.0,,1.0,0.15094827388527057,17.938002347946167,C:\Users\ivan\WORK\workshops\ICDM\Ablation\kkt_anomaly_outputs\results_csv\agg__agg_kkt_47_11_simple_core_contam_0.01__ranked.csv,C:\Users\ivan\WORK\workshops\ICDM\Ablation\kkt_anomaly_outputs\results_csv\agg__agg_kkt_47_11_simple_core_contam_0.01__top_anomalies.csv,,2026-05-17 16:12:07
agg__agg_kkt_47_11_simple_core_contam_0.03.json,C:\Users\ivan\WORK\workshops\ICDM\Ablation\kkt_anomaly_outputs\results_json\agg__agg_kkt_47_11_simple_core_contam_0.03.json,agg_kkt_level,agg_kkt_47_11,simple_core,0.03,ok,,34443,,138,1034.0,,1.0,0.15094827388527057,16.599002361297607,C:\Users\ivan\WORK\workshops\ICDM\Ablation\kkt_anomaly_outputs\results_csv\agg__agg_kkt_47_11_simple_core_contam_0.03__ranked.csv,C:\Users\ivan\WORK\workshops\ICDM\Ablation\kkt_anomaly_outputs\results_csv\agg__agg_kkt_47_11_simple_core_contam_0.03__top_anomalies.csv,,2026-05-17 16:12:24
agg__agg_kkt_47_11_simple_core_contam_0.05.json,C:\Users\ivan\WORK\workshops\ICDM\Ablation\kkt_anomaly_outputs\results_json\agg__agg_kkt_47_11_simple_core_contam_0.05.json,agg_kkt_level,agg_kkt_47_11,simple_core,0.05,ok,,34443,,138,1723.0,,1.0,0.15094827388527057,16.401012182235718,C:\Users\ivan\WORK\workshops\ICDM\Ablation\kkt_anomaly_outputs\results_csv\agg__agg_kkt_47_11_simple_core_contam_0.05__ranked.csv,C:\Users\ivan\WORK\workshops\ICDM\Ablation\kkt_anomaly_outputs\results_csv\agg__agg_kkt_47_11_simple_core_contam_0.05__top_anomalies.csv,,2026-05-17 16:12:40
agg__agg_kkt_47_11_temporal_contam_0.01.json,C:\Users\ivan\WORK\workshops\ICDM\Ablation\kkt_anomaly_outputs\results_json\agg__agg_kkt_47_11_temporal_contam_0.01.json,agg_kkt_level,agg_kkt_47_11,temporal,0.01,ok,,34443,,38,345.0,,1.0,0.1740931573180477,22.274471759796143,C:\Users\ivan\WORK\workshops\ICDM\Ablation\kkt_anomaly_outputs\results_csv\agg__agg_kkt_47_11_temporal_contam_0.01__ranked.csv,C:\Users\ivan\WORK\workshops\ICDM\Ablation\kkt_anomaly_outputs\results_csv\agg__agg_kkt_47_11_temporal_contam_0.01__top_anomalies.csv,,2026-05-18 07:54:09
agg__agg_kkt_47_11_temporal_contam_0.03.json,C:\Users\ivan\WORK\workshops\ICDM\Ablation\kkt_anomaly_outputs\results_json\agg__agg_kkt_47_11_temporal_contam_0.03.json,agg_kkt_level,agg_kkt_47_11,temporal,0.03,ok,,34443,,38,1034.0,,1.0,0.17409315731804773,22.1032931804657,C:\Users\ivan\WORK\workshops\ICDM\Ablation\kkt_anomaly_outputs\results_csv\agg__agg_kkt_47_11_temporal_contam_0.03__ranked.csv,C:\Users\ivan\WORK\workshops\ICDM\Ablation\kkt_anomaly_outputs\results_csv\agg__agg_kkt_47_11_temporal_contam_0.03__top_anomalies.csv,,2026-05-18 07:54:31
agg__agg_kkt_47_11_temporal_contam_0.05.json,C:\Users\ivan\WORK\workshops\ICDM\Ablation\kkt_anomaly_outputs\results_json\agg__agg_kkt_47_11_temporal_contam_0.05.json,agg_kkt_level,agg_kkt_47_11,temporal,0.05,ok,,34443,,38,1723.0,,1.0,0.17409315731804773,20.402103185653687,C:\Users\ivan\WORK\workshops\ICDM\Ablation\kkt_anomaly_outputs\results_csv\agg__agg_kkt_47_11_temporal_contam_0.05__ranked.csv,C:\Users\ivan\WORK\workshops\ICDM\Ablation\kkt_anomaly_outputs\results_csv\agg__agg_kkt_47_11_temporal_contam_0.05__top_anomalies.csv,,2026-05-18 07:54:51
agg__agg_kkt_47_11_turnover_contam_0.01.json,C:\Users\ivan\WORK\workshops\ICDM\Ablation\kkt_anomaly_outputs\results_json\agg__agg_kkt_47_11_turnover_contam_0.01.json,agg_kkt_level,agg_kkt_47_11,turnover,0.01,ok,,34443,,107,345.0,,1.0,0.16312613788381816,20.26685619354248,C:\Users\ivan\WORK\workshops\ICDM\Ablation\kkt_anomaly_outputs\results_csv\agg__agg_kkt_47_11_turnover_contam_0.01__ranked.csv,C:\Users\ivan\WORK\workshops\ICDM\Ablation\kkt_anomaly_outputs\results_csv\agg__agg_kkt_47_11_turnover_contam_0.01__top_anomalies.csv,,2026-05-17 16:06:16
agg__agg_kkt_47_11_turnover_contam_0.03.json,C:\Users\ivan\WORK\workshops\ICDM\Ablation\kkt_anomaly_outputs\results_json\agg__agg_kkt_47_11_turnover_contam_0.03.json,agg_kkt_level,agg_kkt_47_11,turnover,0.03,ok,,34443,,107,1034.0,,1.0,0.16312613788381816,18.288036108016968,C:\Users\ivan\WORK\workshops\ICDM\Ablation\kkt_anomaly_outputs\results_csv\agg__agg_kkt_47_11_turnover_contam_0.03__ranked.csv,C:\Users\ivan\WORK\workshops\ICDM\Ablation\kkt_anomaly_outputs\results_csv\agg__agg_kkt_47_11_turnover_contam_0.03__top_anomalies.csv,,2026-05-17 16:06:35
agg__agg_kkt_47_11_turnover_contam_0.05.json,C:\Users\ivan\WORK\workshops\ICDM\Ablation\kkt_anomaly_outputs\results_json\agg__agg_kkt_47_11_turnover_contam_0.05.json,agg_kkt_level,agg_kkt_47_11,turnover,0.05,ok,,34443,,107,1723.0,,1.0,0.1631261378838182,17.53811001777649,C:\Users\ivan\WORK\workshops\ICDM\Ablation\kkt_anomaly_outputs\results_csv\agg__agg_kkt_47_11_turnover_contam_0.05__ranked.csv,C:\Users\ivan\WORK\workshops\ICDM\Ablation\kkt_anomaly_outputs\results_csv\agg__agg_kkt_47_11_turnover_contam_0.05__top_anomalies.csv,,2026-05-17 16:06:52
agg__agg_kkt_47_19_all_numeric_contam_0.01.json,C:\Users\ivan\WORK\workshops\ICDM\Ablation\kkt_anomaly_outputs\results_json\agg__agg_kkt_47_19_all_numeric_contam_0.01.json,agg_kkt_level,agg_kkt_47_19,all_numeric,0.01,ok,,15491,,150,155.0,,1.0,0.12471372629972757,7.052000999450684,C:\Users\ivan\WORK\workshops\ICDM\Ablation\kkt_anomaly_outputs\results_csv\agg__agg_kkt_47_19_all_numeric_contam_0.01__ranked.csv,C:\Users\ivan\WORK\workshops\ICDM\Ablation\kkt_anomaly_outputs\results_csv\agg__agg_kkt_47_19_all_numeric_contam_0.01__top_anomalies.csv,,2026-05-17 16:12:48
agg__agg_kkt_47_19_all_numeric_contam_0.03.json,C:\Users\ivan\WORK\workshops\ICDM\Ablation\kkt_anomaly_outputs\results_json\agg__agg_kkt_47_19_all_numeric_contam_0.03.json,agg_kkt_level,agg_kkt_47_19,all_numeric,0.03,ok,,15491,,150,465.0,,1.0,0.12471372629972757,7.185003995895386,C:\Users\ivan\WORK\workshops\ICDM\Ablation\kkt_anomaly_outputs\results_csv\agg__agg_kkt_47_19_all_numeric_contam_0.03__ranked.csv,C:\Users\ivan\WORK\workshops\ICDM\Ablation\kkt_anomaly_outputs\results_csv\agg__agg_kkt_47_19_all_numeric_contam_0.03__top_anomalies.csv,,2026-05-17 16:12:55
agg__agg_kkt_47_19_all_numeric_contam_0.05.json,C:\Users\ivan\WORK\workshops\ICDM\Ablation\kkt_anomaly_outputs\results_json\agg__agg_kkt_47_19_all_numeric_contam_0.05.json,agg_kkt_level,agg_kkt_47_19,all_numeric,0.05,ok,,15491,,150,775.0,,1.0,0.12471372629972757,9.373003005981445,C:\Users\ivan\WORK\workshops\ICDM\Ablation\kkt_anomaly_outputs\results_csv\agg__agg_kkt_47_19_all_numeric_contam_0.05__ranked.csv,C:\Users\ivan\WORK\workshops\ICDM\Ablation\kkt_anomaly_outputs\results_csv\agg__agg_kkt_47_19_all_numeric_contam_0.05__top_anomalies.csv,,2026-05-17 16:13:05
agg__agg_kkt_47_19_benford_contam_0.01.json,C:\Users\ivan\WORK\workshops\ICDM\Ablation\kkt_anomaly_outputs\results_json\agg__agg_kkt_47_19_benford_contam_0.01.json,agg_kkt_level,agg_kkt_47_19,benford,0.01,ok,,15491,,1,156.0,,1.0,0.10809096522068852,6.162000894546509,C:\Users\ivan\WORK\workshops\ICDM\Ablation\kkt_anomaly_outputs\results_csv\agg__agg_kkt_47_19_benford_contam_0.01__ranked.csv,C:\Users\ivan\WORK\workshops\ICDM\Ablation\kkt_anomaly_outputs\results_csv\agg__agg_kkt_47_19_benford_contam_0.01__top_anomalies.csv,,2026-05-18 07:59:55
agg__agg_kkt_47_19_benford_contam_0.03.json,C:\Users\ivan\WORK\workshops\ICDM\Ablation\kkt_anomaly_outputs\results_json\agg__agg_kkt_47_19_benford_contam_0.03.json,agg_kkt_level,agg_kkt_47_19,benford,0.03,ok,,15491,,1,465.0,,1.0,0.10809096522068852,6.5626115798950195,C:\Users\ivan\WORK\workshops\ICDM\Ablation\kkt_anomaly_outputs\results_csv\agg__agg_kkt_47_19_benford_contam_0.03__ranked.csv,C:\Users\ivan\WORK\workshops\ICDM\Ablation\kkt_anomaly_outputs\results_csv\agg__agg_kkt_47_19_benford_contam_0.03__top_anomalies.csv,,2026-05-18 08:00:01
agg__agg_kkt_47_19_benford_contam_0.05.json,C:\Users\ivan\WORK\workshops\ICDM\Ablation\kkt_anomaly_outputs\results_json\agg__agg_kkt_47_19_benford_contam_0.05.json,agg_kkt_level,agg_kkt_47_19,benford,0.05,ok,,15491,,1,775.0,,1.0,0.10809096522068852,8.060508728027344,C:\Users\ivan\WORK\workshops\ICDM\Ablation\kkt_anomaly_outputs\results_csv\agg__agg_kkt_47_19_benford_contam_0.05__ranked.csv,C:\Users\ivan\WORK\workshops\ICDM\Ablation\kkt_anomaly_outputs\results_csv\agg__agg_kkt_47_19_benford_contam_0.05__top_anomalies.csv,,2026-05-18 08:00:10
agg__agg_kkt_47_19_bills_contam_0.01.json,C:\Users\ivan\WORK\workshops\ICDM\Ablation\kkt_anomaly_outputs\results_json\agg__agg_kkt_47_19_bills_contam_0.01.json,agg_kkt_level,agg_kkt_47_19,bills,0.01,ok,,15491,,11,155.0,,1.0,0.18112643743565296,11.201002836227417,C:\Users\ivan\WORK\workshops\ICDM\Ablation\kkt_anomaly_outputs\results_csv\agg__agg_kkt_47_19_bills_contam_0.01__ranked.csv,C:\Users\ivan\WORK\workshops\ICDM\Ablation\kkt_anomaly_outputs\results_csv\agg__agg_kkt_47_19_bills_contam_0.01__top_anomalies.csv,,2026-05-17 16:13:37
agg__agg_kkt_47_19_bills_contam_0.03.json,C:\Users\ivan\WORK\workshops\ICDM\Ablation\kkt_anomaly_outputs\results_json\agg__agg_kkt_47_19_bills_contam_0.03.json,agg_kkt_level,agg_kkt_47_19,bills,0.03,ok,,15491,,11,465.0,,1.0,0.18112643743565296,11.644999027252197,C:\Users\ivan\WORK\workshops\ICDM\Ablation\kkt_anomaly_outputs\results_csv\agg__agg_kkt_47_19_bills_contam_0.03__ranked.csv,C:\Users\ivan\WORK\workshops\ICDM\Ablation\kkt_anomaly_outputs\results_csv\agg__agg_kkt_47_19_bills_contam_0.03__top_anomalies.csv,,2026-05-17 16:13:48
agg__agg_kkt_47_19_bills_contam_0.05.json,C:\Users\ivan\WORK\workshops\ICDM\Ablation\kkt_anomaly_outputs\results_json\agg__agg_kkt_47_19_bills_contam_0.05.json,agg_kkt_level,agg_kkt_47_19,bills,0.05,ok,,15491,,11,775.0,,1.0,0.18112643743565296,11.84800100326538,C:\Users\ivan\WORK\workshops\ICDM\Ablation\kkt_anomaly_outputs\results_csv\agg__agg_kkt_47_19_bills_contam_0.05__ranked.csv,C:\Users\ivan\WORK\workshops\ICDM\Ablation\kkt_anomaly_outputs\results_csv\agg__agg_kkt_47_19_bills_contam_0.05__top_anomalies.csv,,2026-05-17 16:14:00
agg__agg_kkt_47_19_cross_corr_contam_0.01.json,C:\Users\ivan\WORK\workshops\ICDM\Ablation\kkt_anomaly_outputs\results_json\agg__agg_kkt_47_19_cross_corr_contam_0.01.json,agg_kkt_level,agg_kkt_47_19,cross_corr,0.01,ok,,15491,,14,155.0,,1.0,0.1932017652659603,13.305521249771118,C:\Users\ivan\WORK\workshops\ICDM\Ablation\kkt_anomaly_outputs\results_csv\agg__agg_kkt_47_19_cross_corr_contam_0.01__ranked.csv,C:\Users\ivan\WORK\workshops\ICDM\Ablation\kkt_anomaly_outputs\results_csv\agg__agg_kkt_47_19_cross_corr_contam_0.01__top_anomalies.csv,,2026-05-18 08:00:23
agg__agg_kkt_47_19_cross_corr_contam_0.03.json,C:\Users\ivan\WORK\workshops\ICDM\Ablation\kkt_anomaly_outputs\results_json\agg__agg_kkt_47_19_cross_corr_contam_0.03.json,agg_kkt_level,agg_kkt_47_19,cross_corr,0.03,ok,,15491,,14,465.0,,1.0,0.19320176526596028,14.779104471206665,C:\Users\ivan\WORK\workshops\ICDM\Ablation\kkt_anomaly_outputs\results_csv\agg__agg_kkt_47_19_cross_corr_contam_0.03__ranked.csv,C:\Users\ivan\WORK\workshops\ICDM\Ablation\kkt_anomaly_outputs\results_csv\agg__agg_kkt_47_19_cross_corr_contam_0.03__top_anomalies.csv,,2026-05-18 08:00:38
agg__agg_kkt_47_19_cross_corr_contam_0.05.json,C:\Users\ivan\WORK\workshops\ICDM\Ablation\kkt_anomaly_outputs\results_json\agg__agg_kkt_47_19_cross_corr_contam_0.05.json,agg_kkt_level,agg_kkt_47_19,cross_corr,0.05,ok,,15491,,14,775.0,,1.0,0.19320176526596028,13.964507579803467,C:\Users\ivan\WORK\workshops\ICDM\Ablation\kkt_anomaly_outputs\results_csv\agg__agg_kkt_47_19_cross_corr_contam_0.05__ranked.csv,C:\Users\ivan\WORK\workshops\ICDM\Ablation\kkt_anomaly_outputs\results_csv\agg__agg_kkt_47_19_cross_corr_contam_0.05__top_anomalies.csv,,2026-05-18 08:00:52
agg__agg_kkt_47_19_items_price_contam_0.01.json,C:\Users\ivan\WORK\workshops\ICDM\Ablation\kkt_anomaly_outputs\results_json\agg__agg_kkt_47_19_items_price_contam_0.01.json,agg_kkt_level,agg_kkt_47_19,items_price,0.01,ok,,15491,,8,155.0,,1.0,0.05215061143342475,15.869001626968384,C:\Users\ivan\WORK\workshops\ICDM\Ablation\kkt_anomaly_outputs\results_csv\agg__agg_kkt_47_19_items_price_contam_0.01__ranked.csv,C:\Users\ivan\WORK\workshops\ICDM\Ablation\kkt_anomaly_outputs\results_csv\agg__agg_kkt_47_19_items_price_contam_0.01__top_anomalies.csv,,2026-05-17 16:14:16
agg__agg_kkt_47_19_items_price_contam_0.03.json,C:\Users\ivan\WORK\workshops\ICDM\Ablation\kkt_anomaly_outputs\results_json\agg__agg_kkt_47_19_items_price_contam_0.03.json,agg_kkt_level,agg_kkt_47_19,items_price,0.03,ok,,15491,,8,465.0,,1.0,0.052150611433424726,13.699999332427979,C:\Users\ivan\WORK\workshops\ICDM\Ablation\kkt_anomaly_outputs\results_csv\agg__agg_kkt_47_19_items_price_contam_0.03__ranked.csv,C:\Users\ivan\WORK\workshops\ICDM\Ablation\kkt_anomaly_outputs\results_csv\agg__agg_kkt_47_19_items_price_contam_0.03__top_anomalies.csv,,2026-05-17 16:14:30
agg__agg_kkt_47_19_items_price_contam_0.05.json,C:\Users\ivan\WORK\workshops\ICDM\Ablation\kkt_anomaly_outputs\results_json\agg__agg_kkt_47_19_items_price_contam_0.05.json,agg_kkt_level,agg_kkt_47_19,items_price,0.05,ok,,15491,,8,775.0,,1.0,0.052150611433424726,13.712997674942017,C:\Users\ivan\WORK\workshops\ICDM\Ablation\kkt_anomaly_outputs\results_csv\agg__agg_kkt_47_19_items_price_contam_0.05__ranked.csv,C:\Users\ivan\WORK\workshops\ICDM\Ablation\kkt_anomaly_outputs\results_csv\agg__agg_kkt_47_19_items_price_contam_0.05__top_anomalies.csv,,2026-05-17 16:14:44
agg__agg_kkt_47_19_non_temporal_contam_0.01.json,C:\Users\ivan\WORK\workshops\ICDM\Ablation\kkt_anomaly_outputs\results_json\agg__agg_kkt_47_19_non_temporal_contam_0.01.json,agg_kkt_level,agg_kkt_47_19,non_temporal,0.01,ok,,15491,,150,155.0,,1.0,0.12471372629972757,6.909997940063477,C:\Users\ivan\WORK\workshops\ICDM\Ablation\kkt_anomaly_outputs\results_csv\agg__agg_kkt_47_19_non_temporal_contam_0.01__ranked.csv,C:\Users\ivan\WORK\workshops\ICDM\Ablation\kkt_anomaly_outputs\results_csv\agg__agg_kkt_47_19_non_temporal_contam_0.01__top_anomalies.csv,,2026-05-17 16:15:17
agg__agg_kkt_47_19_non_temporal_contam_0.03.json,C:\Users\ivan\WORK\workshops\ICDM\Ablation\kkt_anomaly_outputs\results_json\agg__agg_kkt_47_19_non_temporal_contam_0.03.json,agg_kkt_level,agg_kkt_47_19,non_temporal,0.03,ok,,15491,,150,465.0,,1.0,0.12471372629972757,7.09600043296814,C:\Users\ivan\WORK\workshops\ICDM\Ablation\kkt_anomaly_outputs\results_csv\agg__agg_kkt_47_19_non_temporal_contam_0.03__ranked.csv,C:\Users\ivan\WORK\workshops\ICDM\Ablation\kkt_anomaly_outputs\results_csv\agg__agg_kkt_47_19_non_temporal_contam_0.03__top_anomalies.csv,,2026-05-17 16:15:24
agg__agg_kkt_47_19_non_temporal_contam_0.05.json,C:\Users\ivan\WORK\workshops\ICDM\Ablation\kkt_anomaly_outputs\results_json\agg__agg_kkt_47_19_non_temporal_contam_0.05.json,agg_kkt_level,agg_kkt_47_19,non_temporal,0.05,ok,,15491,,150,775.0,,1.0,0.12471372629972757,7.286001205444336,C:\Users\ivan\WORK\workshops\ICDM\Ablation\kkt_anomaly_outputs\results_csv\agg__agg_kkt_47_19_non_temporal_contam_0.05__ranked.csv,C:\Users\ivan\WORK\workshops\ICDM\Ablation\kkt_anomaly_outputs\results_csv\agg__agg_kkt_47_19_non_temporal_contam_0.05__top_anomalies.csv,,2026-05-17 16:15:31
agg__agg_kkt_47_19_payment_mix_contam_0.01.json,C:\Users\ivan\WORK\workshops\ICDM\Ablation\kkt_anomaly_outputs\results_json\agg__agg_kkt_47_19_payment_mix_contam_0.01.json,agg_kkt_level,agg_kkt_47_19,payment_mix,0.01,ok,,15491,,22,155.0,,1.0,0.1349711211184607,7.980997800827026,C:\Users\ivan\WORK\workshops\ICDM\Ablation\kkt_anomaly_outputs\results_csv\agg__agg_kkt_47_19_payment_mix_contam_0.01__ranked.csv,C:\Users\ivan\WORK\workshops\ICDM\Ablation\kkt_anomaly_outputs\results_csv\agg__agg_kkt_47_19_payment_mix_contam_0.01__top_anomalies.csv,,2026-05-17 16:14:52
agg__agg_kkt_47_19_payment_mix_contam_0.03.json,C:\Users\ivan\WORK\workshops\ICDM\Ablation\kkt_anomaly_outputs\results_json\agg__agg_kkt_47_19_payment_mix_contam_0.03.json,agg_kkt_level,agg_kkt_47_19,payment_mix,0.03,ok,,15491,,22,465.0,,1.0,0.1349711211184607,8.157999992370605,C:\Users\ivan\WORK\workshops\ICDM\Ablation\kkt_anomaly_outputs\results_csv\agg__agg_kkt_47_19_payment_mix_contam_0.03__ranked.csv,C:\Users\ivan\WORK\workshops\ICDM\Ablation\kkt_anomaly_outputs\results_csv\agg__agg_kkt_47_19_payment_mix_contam_0.03__top_anomalies.csv,,2026-05-17 16:15:00
agg__agg_kkt_47_19_payment_mix_contam_0.05.json,C:\Users\ivan\WORK\workshops\ICDM\Ablation\kkt_anomaly_outputs\results_json\agg__agg_kkt_47_19_payment_mix_contam_0.05.json,agg_kkt_level,agg_kkt_47_19,payment_mix,0.05,ok,,15491,,22,775.0,,1.0,0.1349711211184607,10.016003131866455,C:\Users\ivan\WORK\workshops\ICDM\Ablation\kkt_anomaly_outputs\results_csv\agg__agg_kkt_47_19_payment_mix_contam_0.05__ranked.csv,C:\Users\ivan\WORK\workshops\ICDM\Ablation\kkt_anomaly_outputs\results_csv\agg__agg_kkt_47_19_payment_mix_contam_0.05__top_anomalies.csv,,2026-05-17 16:15:10
agg__agg_kkt_47_19_shape_complexity_contam_0.01.json,C:\Users\ivan\WORK\workshops\ICDM\Ablation\kkt_anomaly_outputs\results_json\agg__agg_kkt_47_19_shape_complexity_contam_0.01.json,agg_kkt_level,agg_kkt_47_19,shape_complexity,0.01,ok,,15491,,36,155.0,,1.0,0.20103961161756345,27.21104645729065,C:\Users\ivan\WORK\workshops\ICDM\Ablation\kkt_anomaly_outputs\results_csv\agg__agg_kkt_47_19_shape_complexity_contam_0.01__ranked.csv,C:\Users\ivan\WORK\workshops\ICDM\Ablation\kkt_anomaly_outputs\results_csv\agg__agg_kkt_47_19_shape_complexity_contam_0.01__top_anomalies.csv,,2026-05-18 08:01:19
agg__agg_kkt_47_19_shape_complexity_contam_0.03.json,C:\Users\ivan\WORK\workshops\ICDM\Ablation\kkt_anomaly_outputs\results_json\agg__agg_kkt_47_19_shape_complexity_contam_0.03.json,agg_kkt_level,agg_kkt_47_19,shape_complexity,0.03,ok,,15491,,36,465.0,,1.0,0.20103961161756345,25.459423065185547,C:\Users\ivan\WORK\workshops\ICDM\Ablation\kkt_anomaly_outputs\results_csv\agg__agg_kkt_47_19_shape_complexity_contam_0.03__ranked.csv,C:\Users\ivan\WORK\workshops\ICDM\Ablation\kkt_anomaly_outputs\results_csv\agg__agg_kkt_47_19_shape_complexity_contam_0.03__top_anomalies.csv,,2026-05-18 08:01:44
agg__agg_kkt_47_19_shape_complexity_contam_0.05.json,C:\Users\ivan\WORK\workshops\ICDM\Ablation\kkt_anomaly_outputs\results_json\agg__agg_kkt_47_19_shape_complexity_contam_0.05.json,agg_kkt_level,agg_kkt_47_19,shape_complexity,0.05,ok,,15491,,36,775.0,,1.0,0.20103961161756345,28.6265869140625,C:\Users\ivan\WORK\workshops\ICDM\Ablation\kkt_anomaly_outputs\results_csv\agg__agg_kkt_47_19_shape_complexity_contam_0.05__ranked.csv,C:\Users\ivan\WORK\workshops\ICDM\Ablation\kkt_anomaly_outputs\results_csv\agg__agg_kkt_47_19_shape_complexity_contam_0.05__top_anomalies.csv,,2026-05-18 08:02:13
agg__agg_kkt_47_19_simple_core_contam_0.01.json,C:\Users\ivan\WORK\workshops\ICDM\Ablation\kkt_anomaly_outputs\results_json\agg__agg_kkt_47_19_simple_core_contam_0.01.json,agg_kkt_level,agg_kkt_47_19,simple_core,0.01,ok,,15491,,138,155.0,,1.0,0.12134307011489871,7.201017141342163,C:\Users\ivan\WORK\workshops\ICDM\Ablation\kkt_anomaly_outputs\results_csv\agg__agg_kkt_47_19_simple_core_contam_0.01__ranked.csv,C:\Users\ivan\WORK\workshops\ICDM\Ablation\kkt_anomaly_outputs\results_csv\agg__agg_kkt_47_19_simple_core_contam_0.01__top_anomalies.csv,,2026-05-17 16:15:38
agg__agg_kkt_47_19_simple_core_contam_0.03.json,C:\Users\ivan\WORK\workshops\ICDM\Ablation\kkt_anomaly_outputs\results_json\agg__agg_kkt_47_19_simple_core_contam_0.03.json,agg_kkt_level,agg_kkt_47_19,simple_core,0.03,ok,,15491,,138,465.0,,1.0,0.12134307011489871,6.870002746582031,C:\Users\ivan\WORK\workshops\ICDM\Ablation\kkt_anomaly_outputs\results_csv\agg__agg_kkt_47_19_simple_core_contam_0.03__ranked.csv,C:\Users\ivan\WORK\workshops\ICDM\Ablation\kkt_anomaly_outputs\results_csv\agg__agg_kkt_47_19_simple_core_contam_0.03__top_anomalies.csv,,2026-05-17 16:15:45
agg__agg_kkt_47_19_simple_core_contam_0.05.json,C:\Users\ivan\WORK\workshops\ICDM\Ablation\kkt_anomaly_outputs\results_json\agg__agg_kkt_47_19_simple_core_contam_0.05.json,agg_kkt_level,agg_kkt_47_19,simple_core,0.05,ok,,15491,,138,775.0,,1.0,0.12134307011489871,7.13100004196167,C:\Users\ivan\WORK\workshops\ICDM\Ablation\kkt_anomaly_outputs\results_csv\agg__agg_kkt_47_19_simple_core_contam_0.05__ranked.csv,C:\Users\ivan\WORK\workshops\ICDM\Ablation\kkt_anomaly_outputs\results_csv\agg__agg_kkt_47_19_simple_core_contam_0.05__top_anomalies.csv,,2026-05-17 16:15:52
agg__agg_kkt_47_19_temporal_contam_0.01.json,C:\Users\ivan\WORK\workshops\ICDM\Ablation\kkt_anomaly_outputs\results_json\agg__agg_kkt_47_19_temporal_contam_0.01.json,agg_kkt_level,agg_kkt_47_19,temporal,0.01,ok,,15491,,38,155.0,,1.0,0.15657880635519858,13.043318271636963,C:\Users\ivan\WORK\workshops\ICDM\Ablation\kkt_anomaly_outputs\results_csv\agg__agg_kkt_47_19_temporal_contam_0.01__ranked.csv,C:\Users\ivan\WORK\workshops\ICDM\Ablation\kkt_anomaly_outputs\results_csv\agg__agg_kkt_47_19_temporal_contam_0.01__top_anomalies.csv,,2026-05-18 07:59:19
agg__agg_kkt_47_19_temporal_contam_0.03.json,C:\Users\ivan\WORK\workshops\ICDM\Ablation\kkt_anomaly_outputs\results_json\agg__agg_kkt_47_19_temporal_contam_0.03.json,agg_kkt_level,agg_kkt_47_19,temporal,0.03,ok,,15491,,38,465.0,,1.0,0.15657880635519855,15.489498138427734,C:\Users\ivan\WORK\workshops\ICDM\Ablation\kkt_anomaly_outputs\results_csv\agg__agg_kkt_47_19_temporal_contam_0.03__ranked.csv,C:\Users\ivan\WORK\workshops\ICDM\Ablation\kkt_anomaly_outputs\results_csv\agg__agg_kkt_47_19_temporal_contam_0.03__top_anomalies.csv,,2026-05-18 07:59:35
agg__agg_kkt_47_19_temporal_contam_0.05.json,C:\Users\ivan\WORK\workshops\ICDM\Ablation\kkt_anomaly_outputs\results_json\agg__agg_kkt_47_19_temporal_contam_0.05.json,agg_kkt_level,agg_kkt_47_19,temporal,0.05,ok,,15491,,38,775.0,,1.0,0.15657880635519855,13.934024333953857,C:\Users\ivan\WORK\workshops\ICDM\Ablation\kkt_anomaly_outputs\results_csv\agg__agg_kkt_47_19_temporal_contam_0.05__ranked.csv,C:\Users\ivan\WORK\workshops\ICDM\Ablation\kkt_anomaly_outputs\results_csv\agg__agg_kkt_47_19_temporal_contam_0.05__top_anomalies.csv,,2026-05-18 07:59:49
agg__agg_kkt_47_19_turnover_contam_0.01.json,C:\Users\ivan\WORK\workshops\ICDM\Ablation\kkt_anomaly_outputs\results_json\agg__agg_kkt_47_19_turnover_contam_0.01.json,agg_kkt_level,agg_kkt_47_19,turnover,0.01,ok,,15491,,107,155.0,,1.0,0.14387661509782176,6.84699273109436,C:\Users\ivan\WORK\workshops\ICDM\Ablation\kkt_anomaly_outputs\results_csv\agg__agg_kkt_47_19_turnover_contam_0.01__ranked.csv,C:\Users\ivan\WORK\workshops\ICDM\Ablation\kkt_anomaly_outputs\results_csv\agg__agg_kkt_47_19_turnover_contam_0.01__top_anomalies.csv,,2026-05-17 16:13:11
agg__agg_kkt_47_19_turnover_contam_0.03.json,C:\Users\ivan\WORK\workshops\ICDM\Ablation\kkt_anomaly_outputs\results_json\agg__agg_kkt_47_19_turnover_contam_0.03.json,agg_kkt_level,agg_kkt_47_19,turnover,0.03,ok,,15491,,107,465.0,,1.0,0.14387661509782176,6.829000949859619,C:\Users\ivan\WORK\workshops\ICDM\Ablation\kkt_anomaly_outputs\results_csv\agg__agg_kkt_47_19_turnover_contam_0.03__ranked.csv,C:\Users\ivan\WORK\workshops\ICDM\Ablation\kkt_anomaly_outputs\results_csv\agg__agg_kkt_47_19_turnover_contam_0.03__top_anomalies.csv,,2026-05-17 16:13:18
agg__agg_kkt_47_19_turnover_contam_0.05.json,C:\Users\ivan\WORK\workshops\ICDM\Ablation\kkt_anomaly_outputs\results_json\agg__agg_kkt_47_19_turnover_contam_0.05.json,agg_kkt_level,agg_kkt_47_19,turnover,0.05,ok,,15491,,107,775.0,,1.0,0.14387661509782176,7.225000381469727,C:\Users\ivan\WORK\workshops\ICDM\Ablation\kkt_anomaly_outputs\results_csv\agg__agg_kkt_47_19_turnover_contam_0.05__ranked.csv,C:\Users\ivan\WORK\workshops\ICDM\Ablation\kkt_anomaly_outputs\results_csv\agg__agg_kkt_47_19_turnover_contam_0.05__top_anomalies.csv,,2026-05-17 16:13:26
ts__ts_kkt_47_11_all_numeric_contam_0.01.json,C:\Users\ivan\WORK\workshops\ICDM\Ablation\kkt_anomaly_outputs\results_json\ts__ts_kkt_47_11_all_numeric_contam_0.01.json,ts_kkt_day_level,ts_kkt_47_11,all_numeric,0.01,ok,,3168756,34443.0,87,,31689.0,1.0,0.054929427668796785,634.3215444087982,C:\Users\ivan\WORK\workshops\ICDM\Ablation\kkt_anomaly_outputs\results_csv\ts__ts_kkt_47_11_all_numeric_contam_0.01__ranked_kkt_days.csv,C:\Users\ivan\WORK\workshops\ICDM\Ablation\kkt_anomaly_outputs\results_csv\ts__ts_kkt_47_11_all_numeric_contam_0.01__top_kkt_days.csv,C:\Users\ivan\WORK\workshops\ICDM\Ablation\kkt_anomaly_outputs\results_csv\ts__ts_kkt_47_11_all_numeric_contam_0.01__device_aggregated_scores.csv,2026-05-17 18:38:53
ts__ts_kkt_47_11_all_numeric_contam_0.03.json,C:\Users\ivan\WORK\workshops\ICDM\Ablation\kkt_anomaly_outputs\results_json\ts__ts_kkt_47_11_all_numeric_contam_0.03.json,ts_kkt_day_level,ts_kkt_47_11,all_numeric,0.03,ok,,3168756,34443.0,87,,95063.0,1.0,0.054929427668796785,473.6456210613251,C:\Users\ivan\WORK\workshops\ICDM\Ablation\kkt_anomaly_outputs\results_csv\ts__ts_kkt_47_11_all_numeric_contam_0.03__ranked_kkt_days.csv,C:\Users\ivan\WORK\workshops\ICDM\Ablation\kkt_anomaly_outputs\results_csv\ts__ts_kkt_47_11_all_numeric_contam_0.03__top_kkt_days.csv,C:\Users\ivan\WORK\workshops\ICDM\Ablation\kkt_anomaly_outputs\results_csv\ts__ts_kkt_47_11_all_numeric_contam_0.03__device_aggregated_scores.csv,2026-05-17 18:46:47
ts__ts_kkt_47_11_all_numeric_contam_0.05.json,C:\Users\ivan\WORK\workshops\ICDM\Ablation\kkt_anomaly_outputs\results_json\ts__ts_kkt_47_11_all_numeric_contam_0.05.json,ts_kkt_day_level,ts_kkt_47_11,all_numeric,0.05,ok,,3168756,34443.0,87,,158438.0,1.0,0.054929427668796785,478.672226190567,C:\Users\ivan\WORK\workshops\ICDM\Ablation\kkt_anomaly_outputs\results_csv\ts__ts_kkt_47_11_all_numeric_contam_0.05__ranked_kkt_days.csv,C:\Users\ivan\WORK\workshops\ICDM\Ablation\kkt_anomaly_outputs\results_csv\ts__ts_kkt_47_11_all_numeric_contam_0.05__top_kkt_days.csv,C:\Users\ivan\WORK\workshops\ICDM\Ablation\kkt_anomaly_outputs\results_csv\ts__ts_kkt_47_11_all_numeric_contam_0.05__device_aggregated_scores.csv,2026-05-17 18:54:47
ts__ts_kkt_47_11_bills_items_contam_0.01.json,C:\Users\ivan\WORK\workshops\ICDM\Ablation\kkt_anomaly_outputs\results_json\ts__ts_kkt_47_11_bills_items_contam_0.01.json,ts_kkt_day_level,ts_kkt_47_11,bills_items,0.01,ok,,3168756,34443.0,29,,31688.0,1.0,0.04830477399080686,310.30399799346924,C:\Users\ivan\WORK\workshops\ICDM\Ablation\kkt_anomaly_outputs\results_csv\ts__ts_kkt_47_11_bills_items_contam_0.01__ranked_kkt_days.csv,C:\Users\ivan\WORK\workshops\ICDM\Ablation\kkt_anomaly_outputs\results_csv\ts__ts_kkt_47_11_bills_items_contam_0.01__top_kkt_days.csv,C:\Users\ivan\WORK\workshops\ICDM\Ablation\kkt_anomaly_outputs\results_csv\ts__ts_kkt_47_11_bills_items_contam_0.01__device_aggregated_scores.csv,2026-05-17 21:15:06
ts__ts_kkt_47_11_bills_items_contam_0.03.json,C:\Users\ivan\WORK\workshops\ICDM\Ablation\kkt_anomaly_outputs\results_json\ts__ts_kkt_47_11_bills_items_contam_0.03.json,ts_kkt_day_level,ts_kkt_47_11,bills_items,0.03,ok,,3168756,34443.0,29,,95063.0,1.0,0.04830477399080686,308.14399695396423,C:\Users\ivan\WORK\workshops\ICDM\Ablation\kkt_anomaly_outputs\results_csv\ts__ts_kkt_47_11_bills_items_contam_0.03__ranked_kkt_days.csv,C:\Users\ivan\WORK\workshops\ICDM\Ablation\kkt_anomaly_outputs\results_csv\ts__ts_kkt_47_11_bills_items_contam_0.03__top_kkt_days.csv,C:\Users\ivan\WORK\workshops\ICDM\Ablation\kkt_anomaly_outputs\results_csv\ts__ts_kkt_47_11_bills_items_contam_0.03__device_aggregated_scores.csv,2026-05-17 21:20:15
ts__ts_kkt_47_11_bills_items_contam_0.05.json,C:\Users\ivan\WORK\workshops\ICDM\Ablation\kkt_anomaly_outputs\results_json\ts__ts_kkt_47_11_bills_items_contam_0.05.json,ts_kkt_day_level,ts_kkt_47_11,bills_items,0.05,ok,,3168756,34443.0,29,,158438.0,1.0,0.04830477399080686,308.87900161743164,C:\Users\ivan\WORK\workshops\ICDM\Ablation\kkt_anomaly_outputs\results_csv\ts__ts_kkt_47_11_bills_items_contam_0.05__ranked_kkt_days.csv,C:\Users\ivan\WORK\workshops\ICDM\Ablation\kkt_anomaly_outputs\results_csv\ts__ts_kkt_47_11_bills_items_contam_0.05__top_kkt_days.csv,C:\Users\ivan\WORK\workshops\ICDM\Ablation\kkt_anomaly_outputs\results_csv\ts__ts_kkt_47_11_bills_items_contam_0.05__device_aggregated_scores.csv,2026-05-17 21:25:25
ts__ts_kkt_47_11_core_daily_contam_0.01.json,C:\Users\ivan\WORK\workshops\ICDM\Ablation\kkt_anomaly_outputs\results_json\ts__ts_kkt_47_11_core_daily_contam_0.01.json,ts_kkt_day_level,ts_kkt_47_11,core_daily,0.01,ok,,3168756,34443.0,18,,31688.0,1.0,0.03114633824325292,299.897141456604,C:\Users\ivan\WORK\workshops\ICDM\Ablation\kkt_anomaly_outputs\results_csv\ts__ts_kkt_47_11_core_daily_contam_0.01__ranked_kkt_days.csv,C:\Users\ivan\WORK\workshops\ICDM\Ablation\kkt_anomaly_outputs\results_csv\ts__ts_kkt_47_11_core_daily_contam_0.01__top_kkt_days.csv,C:\Users\ivan\WORK\workshops\ICDM\Ablation\kkt_anomaly_outputs\results_csv\ts__ts_kkt_47_11_core_daily_contam_0.01__device_aggregated_scores.csv,2026-05-17 19:56:06
ts__ts_kkt_47_11_core_daily_contam_0.03.json,C:\Users\ivan\WORK\workshops\ICDM\Ablation\kkt_anomaly_outputs\results_json\ts__ts_kkt_47_11_core_daily_contam_0.03.json,ts_kkt_day_level,ts_kkt_47_11,core_daily,0.03,ok,,3168756,34443.0,18,,95063.0,1.0,0.03114633824325292,288.32000756263733,C:\Users\ivan\WORK\workshops\ICDM\Ablation\kkt_anomaly_outputs\results_csv\ts__ts_kkt_47_11_core_daily_contam_0.03__ranked_kkt_days.csv,C:\Users\ivan\WORK\workshops\ICDM\Ablation\kkt_anomaly_outputs\results_csv\ts__ts_kkt_47_11_core_daily_contam_0.03__top_kkt_days.csv,C:\Users\ivan\WORK\workshops\ICDM\Ablation\kkt_anomaly_outputs\results_csv\ts__ts_kkt_47_11_core_daily_contam_0.03__device_aggregated_scores.csv,2026-05-17 20:00:55
ts__ts_kkt_47_11_core_daily_contam_0.05.json,C:\Users\ivan\WORK\workshops\ICDM\Ablation\kkt_anomaly_outputs\results_json\ts__ts_kkt_47_11_core_daily_contam_0.05.json,ts_kkt_day_level,ts_kkt_47_11,core_daily,0.05,ok,,3168756,34443.0,18,,164835.0,1.0,0.031146338243252924,293.86600399017334,C:\Users\ivan\WORK\workshops\ICDM\Ablation\kkt_anomaly_outputs\results_csv\ts__ts_kkt_47_11_core_daily_contam_0.05__ranked_kkt_days.csv,C:\Users\ivan\WORK\workshops\ICDM\Ablation\kkt_anomaly_outputs\results_csv\ts__ts_kkt_47_11_core_daily_contam_0.05__top_kkt_days.csv,C:\Users\ivan\WORK\workshops\ICDM\Ablation\kkt_anomaly_outputs\results_csv\ts__ts_kkt_47_11_core_daily_contam_0.05__device_aggregated_scores.csv,2026-05-17 20:05:50
ts__ts_kkt_47_11_payment_mix_contam_0.01.json,C:\Users\ivan\WORK\workshops\ICDM\Ablation\kkt_anomaly_outputs\results_json\ts__ts_kkt_47_11_payment_mix_contam_0.01.json,ts_kkt_day_level,ts_kkt_47_11,payment_mix,0.01,ok,,3168756,34443.0,20,,31688.0,1.0,0.10663733359384461,304.0229992866516,C:\Users\ivan\WORK\workshops\ICDM\Ablation\kkt_anomaly_outputs\results_csv\ts__ts_kkt_47_11_payment_mix_contam_0.01__ranked_kkt_days.csv,C:\Users\ivan\WORK\workshops\ICDM\Ablation\kkt_anomaly_outputs\results_csv\ts__ts_kkt_47_11_payment_mix_contam_0.01__top_kkt_days.csv,C:\Users\ivan\WORK\workshops\ICDM\Ablation\kkt_anomaly_outputs\results_csv\ts__ts_kkt_47_11_payment_mix_contam_0.01__device_aggregated_scores.csv,2026-05-17 20:42:47
ts__ts_kkt_47_11_payment_mix_contam_0.03.json,C:\Users\ivan\WORK\workshops\ICDM\Ablation\kkt_anomaly_outputs\results_json\ts__ts_kkt_47_11_payment_mix_contam_0.03.json,ts_kkt_day_level,ts_kkt_47_11,payment_mix,0.03,ok,,3168756,34443.0,20,,95063.0,1.0,0.10663733359384459,304.0020008087158,C:\Users\ivan\WORK\workshops\ICDM\Ablation\kkt_anomaly_outputs\results_csv\ts__ts_kkt_47_11_payment_mix_contam_0.03__ranked_kkt_days.csv,C:\Users\ivan\WORK\workshops\ICDM\Ablation\kkt_anomaly_outputs\results_csv\ts__ts_kkt_47_11_payment_mix_contam_0.03__top_kkt_days.csv,C:\Users\ivan\WORK\workshops\ICDM\Ablation\kkt_anomaly_outputs\results_csv\ts__ts_kkt_47_11_payment_mix_contam_0.03__device_aggregated_scores.csv,2026-05-17 20:47:51
ts__ts_kkt_47_11_payment_mix_contam_0.05.json,C:\Users\ivan\WORK\workshops\ICDM\Ablation\kkt_anomaly_outputs\results_json\ts__ts_kkt_47_11_payment_mix_contam_0.05.json,ts_kkt_day_level,ts_kkt_47_11,payment_mix,0.05,ok,,3168756,34443.0,20,,158438.0,1.0,0.10663733359384459,303.35500144958496,C:\Users\ivan\WORK\workshops\ICDM\Ablation\kkt_anomaly_outputs\results_csv\ts__ts_kkt_47_11_payment_mix_contam_0.05__ranked_kkt_days.csv,C:\Users\ivan\WORK\workshops\ICDM\Ablation\kkt_anomaly_outputs\results_csv\ts__ts_kkt_47_11_payment_mix_contam_0.05__top_kkt_days.csv,C:\Users\ivan\WORK\workshops\ICDM\Ablation\kkt_anomaly_outputs\results_csv\ts__ts_kkt_47_11_payment_mix_contam_0.05__device_aggregated_scores.csv,2026-05-17 20:52:56
ts__ts_kkt_47_11_peer_deviation_contam_0.01.json,C:\Users\ivan\WORK\workshops\ICDM\Ablation\kkt_anomaly_outputs\results_json\ts__ts_kkt_47_11_peer_deviation_contam_0.01.json,ts_kkt_day_level,ts_kkt_47_11,peer_deviation,0.01,ok,,3168756,34443.0,6,,31688.0,1.0,0.045431582035106874,288.03300046920776,C:\Users\ivan\WORK\workshops\ICDM\Ablation\kkt_anomaly_outputs\results_csv\ts__ts_kkt_47_11_peer_deviation_contam_0.01__ranked_kkt_days.csv,C:\Users\ivan\WORK\workshops\ICDM\Ablation\kkt_anomaly_outputs\results_csv\ts__ts_kkt_47_11_peer_deviation_contam_0.01__top_kkt_days.csv,C:\Users\ivan\WORK\workshops\ICDM\Ablation\kkt_anomaly_outputs\results_csv\ts__ts_kkt_47_11_peer_deviation_contam_0.01__device_aggregated_scores.csv,2026-05-17 20:28:11
ts__ts_kkt_47_11_peer_deviation_contam_0.03.json,C:\Users\ivan\WORK\workshops\ICDM\Ablation\kkt_anomaly_outputs\results_json\ts__ts_kkt_47_11_peer_deviation_contam_0.03.json,ts_kkt_day_level,ts_kkt_47_11,peer_deviation,0.03,ok,,3168756,34443.0,6,,95063.0,1.0,0.045431582035106874,285.4060003757477,C:\Users\ivan\WORK\workshops\ICDM\Ablation\kkt_anomaly_outputs\results_csv\ts__ts_kkt_47_11_peer_deviation_contam_0.03__ranked_kkt_days.csv,C:\Users\ivan\WORK\workshops\ICDM\Ablation\kkt_anomaly_outputs\results_csv\ts__ts_kkt_47_11_peer_deviation_contam_0.03__top_kkt_days.csv,C:\Users\ivan\WORK\workshops\ICDM\Ablation\kkt_anomaly_outputs\results_csv\ts__ts_kkt_47_11_peer_deviation_contam_0.03__device_aggregated_scores.csv,2026-05-17 20:32:57
ts__ts_kkt_47_11_peer_deviation_contam_0.05.json,C:\Users\ivan\WORK\workshops\ICDM\Ablation\kkt_anomaly_outputs\results_json\ts__ts_kkt_47_11_peer_deviation_contam_0.05.json,ts_kkt_day_level,ts_kkt_47_11,peer_deviation,0.05,ok,,3168756,34443.0,6,,158438.0,1.0,0.045431582035106874,283.5420022010803,C:\Users\ivan\WORK\workshops\ICDM\Ablation\kkt_anomaly_outputs\results_csv\ts__ts_kkt_47_11_peer_deviation_contam_0.05__ranked_kkt_days.csv,C:\Users\ivan\WORK\workshops\ICDM\Ablation\kkt_anomaly_outputs\results_csv\ts__ts_kkt_47_11_peer_deviation_contam_0.05__top_kkt_days.csv,C:\Users\ivan\WORK\workshops\ICDM\Ablation\kkt_anomaly_outputs\results_csv\ts__ts_kkt_47_11_peer_deviation_contam_0.05__device_aggregated_scores.csv,2026-05-17 20:37:42
ts__ts_kkt_47_11_rolling_deviation_contam_0.01.json,C:\Users\ivan\WORK\workshops\ICDM\Ablation\kkt_anomaly_outputs\results_json\ts__ts_kkt_47_11_rolling_deviation_contam_0.01.json,ts_kkt_day_level,ts_kkt_47_11,rolling_deviation,0.01,ok,,3168756,34443.0,48,,31705.0,1.0,0.04992015006655942,348.1460347175598,C:\Users\ivan\WORK\workshops\ICDM\Ablation\kkt_anomaly_outputs\results_csv\ts__ts_kkt_47_11_rolling_deviation_contam_0.01__ranked_kkt_days.csv,C:\Users\ivan\WORK\workshops\ICDM\Ablation\kkt_anomaly_outputs\results_csv\ts__ts_kkt_47_11_rolling_deviation_contam_0.01__top_kkt_days.csv,C:\Users\ivan\WORK\workshops\ICDM\Ablation\kkt_anomaly_outputs\results_csv\ts__ts_kkt_47_11_rolling_deviation_contam_0.01__device_aggregated_scores.csv,2026-05-17 20:11:39
ts__ts_kkt_47_11_rolling_deviation_contam_0.03.json,C:\Users\ivan\WORK\workshops\ICDM\Ablation\kkt_anomaly_outputs\results_json\ts__ts_kkt_47_11_rolling_deviation_contam_0.03.json,ts_kkt_day_level,ts_kkt_47_11,rolling_deviation,0.03,ok,,3168756,34443.0,48,,95063.0,1.0,0.04992015006655942,351.80199813842773,C:\Users\ivan\WORK\workshops\ICDM\Ablation\kkt_anomaly_outputs\results_csv\ts__ts_kkt_47_11_rolling_deviation_contam_0.03__ranked_kkt_days.csv,C:\Users\ivan\WORK\workshops\ICDM\Ablation\kkt_anomaly_outputs\results_csv\ts__ts_kkt_47_11_rolling_deviation_contam_0.03__top_kkt_days.csv,C:\Users\ivan\WORK\workshops\ICDM\Ablation\kkt_anomaly_outputs\results_csv\ts__ts_kkt_47_11_rolling_deviation_contam_0.03__device_aggregated_scores.csv,2026-05-17 20:17:31
ts__ts_kkt_47_11_rolling_deviation_contam_0.05.json,C:\Users\ivan\WORK\workshops\ICDM\Ablation\kkt_anomaly_outputs\results_json\ts__ts_kkt_47_11_rolling_deviation_contam_0.05.json,ts_kkt_day_level,ts_kkt_47_11,rolling_deviation,0.05,ok,,3168756,34443.0,48,,158438.0,1.0,0.04992015006655942,350.1910011768341,C:\Users\ivan\WORK\workshops\ICDM\Ablation\kkt_anomaly_outputs\results_csv\ts__ts_kkt_47_11_rolling_deviation_contam_0.05__ranked_kkt_days.csv,C:\Users\ivan\WORK\workshops\ICDM\Ablation\kkt_anomaly_outputs\results_csv\ts__ts_kkt_47_11_rolling_deviation_contam_0.05__top_kkt_days.csv,C:\Users\ivan\WORK\workshops\ICDM\Ablation\kkt_anomaly_outputs\results_csv\ts__ts_kkt_47_11_rolling_deviation_contam_0.05__device_aggregated_scores.csv,2026-05-17 20:23:22
ts__ts_kkt_47_11_turnover_contam_0.01.json,C:\Users\ivan\WORK\workshops\ICDM\Ablation\kkt_anomaly_outputs\results_json\ts__ts_kkt_47_11_turnover_contam_0.01.json,ts_kkt_day_level,ts_kkt_47_11,turnover,0.01,ok,,3168756,34443.0,42,,32968.0,1.0,0.07995964214336579,345.9730017185211,C:\Users\ivan\WORK\workshops\ICDM\Ablation\kkt_anomaly_outputs\results_csv\ts__ts_kkt_47_11_turnover_contam_0.01__ranked_kkt_days.csv,C:\Users\ivan\WORK\workshops\ICDM\Ablation\kkt_anomaly_outputs\results_csv\ts__ts_kkt_47_11_turnover_contam_0.01__top_kkt_days.csv,C:\Users\ivan\WORK\workshops\ICDM\Ablation\kkt_anomaly_outputs\results_csv\ts__ts_kkt_47_11_turnover_contam_0.01__device_aggregated_scores.csv,2026-05-17 20:58:42
ts__ts_kkt_47_11_turnover_contam_0.03.json,C:\Users\ivan\WORK\workshops\ICDM\Ablation\kkt_anomaly_outputs\results_json\ts__ts_kkt_47_11_turnover_contam_0.03.json,ts_kkt_day_level,ts_kkt_47_11,turnover,0.03,ok,,3168756,34443.0,42,,95063.0,1.0,0.0799596421433658,337.0200002193451,C:\Users\ivan\WORK\workshops\ICDM\Ablation\kkt_anomaly_outputs\results_csv\ts__ts_kkt_47_11_turnover_contam_0.03__ranked_kkt_days.csv,C:\Users\ivan\WORK\workshops\ICDM\Ablation\kkt_anomaly_outputs\results_csv\ts__ts_kkt_47_11_turnover_contam_0.03__top_kkt_days.csv,C:\Users\ivan\WORK\workshops\ICDM\Ablation\kkt_anomaly_outputs\results_csv\ts__ts_kkt_47_11_turnover_contam_0.03__device_aggregated_scores.csv,2026-05-17 21:04:20
ts__ts_kkt_47_11_turnover_contam_0.05.json,C:\Users\ivan\WORK\workshops\ICDM\Ablation\kkt_anomaly_outputs\results_json\ts__ts_kkt_47_11_turnover_contam_0.05.json,ts_kkt_day_level,ts_kkt_47_11,turnover,0.05,ok,,3168756,34443.0,42,,158438.0,1.0,0.0799596421433658,333.6030020713806,C:\Users\ivan\WORK\workshops\ICDM\Ablation\kkt_anomaly_outputs\results_csv\ts__ts_kkt_47_11_turnover_contam_0.05__ranked_kkt_days.csv,C:\Users\ivan\WORK\workshops\ICDM\Ablation\kkt_anomaly_outputs\results_csv\ts__ts_kkt_47_11_turnover_contam_0.05__top_kkt_days.csv,C:\Users\ivan\WORK\workshops\ICDM\Ablation\kkt_anomaly_outputs\results_csv\ts__ts_kkt_47_11_turnover_contam_0.05__device_aggregated_scores.csv,2026-05-17 21:09:55
ts__ts_kkt_47_19_all_numeric_contam_0.01.json,C:\Users\ivan\WORK\workshops\ICDM\Ablation\kkt_anomaly_outputs\results_json\ts__ts_kkt_47_19_all_numeric_contam_0.01.json,ts_kkt_day_level,ts_kkt_47_19,all_numeric,0.01,ok,,1425172,15491.0,87,,14252.0,1.0,0.06364828236492906,173.67800068855286,C:\Users\ivan\WORK\workshops\ICDM\Ablation\kkt_anomaly_outputs\results_csv\ts__ts_kkt_47_19_all_numeric_contam_0.01__ranked_kkt_days.csv,C:\Users\ivan\WORK\workshops\ICDM\Ablation\kkt_anomaly_outputs\results_csv\ts__ts_kkt_47_19_all_numeric_contam_0.01__top_kkt_days.csv,C:\Users\ivan\WORK\workshops\ICDM\Ablation\kkt_anomaly_outputs\results_csv\ts__ts_kkt_47_19_all_numeric_contam_0.01__device_aggregated_scores.csv,2026-05-17 21:32:40
ts__ts_kkt_47_19_all_numeric_contam_0.03.json,C:\Users\ivan\WORK\workshops\ICDM\Ablation\kkt_anomaly_outputs\results_json\ts__ts_kkt_47_19_all_numeric_contam_0.03.json,ts_kkt_day_level,ts_kkt_47_19,all_numeric,0.03,ok,,1425172,15491.0,87,,42756.0,1.0,0.06364828236492903,169.02200174331665,C:\Users\ivan\WORK\workshops\ICDM\Ablation\kkt_anomaly_outputs\results_csv\ts__ts_kkt_47_19_all_numeric_contam_0.03__ranked_kkt_days.csv,C:\Users\ivan\WORK\workshops\ICDM\Ablation\kkt_anomaly_outputs\results_csv\ts__ts_kkt_47_19_all_numeric_contam_0.03__top_kkt_days.csv,C:\Users\ivan\WORK\workshops\ICDM\Ablation\kkt_anomaly_outputs\results_csv\ts__ts_kkt_47_19_all_numeric_contam_0.03__device_aggregated_scores.csv,2026-05-17 21:35:29
ts__ts_kkt_47_19_all_numeric_contam_0.05.json,C:\Users\ivan\WORK\workshops\ICDM\Ablation\kkt_anomaly_outputs\results_json\ts__ts_kkt_47_19_all_numeric_contam_0.05.json,ts_kkt_day_level,ts_kkt_47_19,all_numeric,0.05,ok,,1425172,15491.0,87,,71259.0,1.0,0.06364828236492903,168.7999963760376,C:\Users\ivan\WORK\workshops\ICDM\Ablation\kkt_anomaly_outputs\results_csv\ts__ts_kkt_47_19_all_numeric_contam_0.05__ranked_kkt_days.csv,C:\Users\ivan\WORK\workshops\ICDM\Ablation\kkt_anomaly_outputs\results_csv\ts__ts_kkt_47_19_all_numeric_contam_0.05__top_kkt_days.csv,C:\Users\ivan\WORK\workshops\ICDM\Ablation\kkt_anomaly_outputs\results_csv\ts__ts_kkt_47_19_all_numeric_contam_0.05__device_aggregated_scores.csv,2026-05-17 21:38:18
ts__ts_kkt_47_19_bills_items_contam_0.01.json,C:\Users\ivan\WORK\workshops\ICDM\Ablation\kkt_anomaly_outputs\results_json\ts__ts_kkt_47_19_bills_items_contam_0.01.json,ts_kkt_day_level,ts_kkt_47_19,bills_items,0.01,ok,,1425172,15491.0,29,,14252.0,1.0,0.07307464458253193,138.21799993515015,C:\Users\ivan\WORK\workshops\ICDM\Ablation\kkt_anomaly_outputs\results_csv\ts__ts_kkt_47_19_bills_items_contam_0.01__ranked_kkt_days.csv,C:\Users\ivan\WORK\workshops\ICDM\Ablation\kkt_anomaly_outputs\results_csv\ts__ts_kkt_47_19_bills_items_contam_0.01__top_kkt_days.csv,C:\Users\ivan\WORK\workshops\ICDM\Ablation\kkt_anomaly_outputs\results_csv\ts__ts_kkt_47_19_bills_items_contam_0.01__device_aggregated_scores.csv,2026-05-17 22:14:16
ts__ts_kkt_47_19_bills_items_contam_0.03.json,C:\Users\ivan\WORK\workshops\ICDM\Ablation\kkt_anomaly_outputs\results_json\ts__ts_kkt_47_19_bills_items_contam_0.03.json,ts_kkt_day_level,ts_kkt_47_19,bills_items,0.03,ok,,1425172,15491.0,29,,42756.0,1.0,0.07307464458253193,137.07899975776672,C:\Users\ivan\WORK\workshops\ICDM\Ablation\kkt_anomaly_outputs\results_csv\ts__ts_kkt_47_19_bills_items_contam_0.03__ranked_kkt_days.csv,C:\Users\ivan\WORK\workshops\ICDM\Ablation\kkt_anomaly_outputs\results_csv\ts__ts_kkt_47_19_bills_items_contam_0.03__top_kkt_days.csv,C:\Users\ivan\WORK\workshops\ICDM\Ablation\kkt_anomaly_outputs\results_csv\ts__ts_kkt_47_19_bills_items_contam_0.03__device_aggregated_scores.csv,2026-05-17 22:16:33
ts__ts_kkt_47_19_bills_items_contam_0.05.json,C:\Users\ivan\WORK\workshops\ICDM\Ablation\kkt_anomaly_outputs\results_json\ts__ts_kkt_47_19_bills_items_contam_0.05.json,ts_kkt_day_level,ts_kkt_47_19,bills_items,0.05,ok,,1425172,15491.0,29,,71259.0,1.0,0.07307464458253193,136.9289994239807,C:\Users\ivan\WORK\workshops\ICDM\Ablation\kkt_anomaly_outputs\results_csv\ts__ts_kkt_47_19_bills_items_contam_0.05__ranked_kkt_days.csv,C:\Users\ivan\WORK\workshops\ICDM\Ablation\kkt_anomaly_outputs\results_csv\ts__ts_kkt_47_19_bills_items_contam_0.05__top_kkt_days.csv,C:\Users\ivan\WORK\workshops\ICDM\Ablation\kkt_anomaly_outputs\results_csv\ts__ts_kkt_47_19_bills_items_contam_0.05__device_aggregated_scores.csv,2026-05-17 22:18:51
ts__ts_kkt_47_19_core_daily_contam_0.01.json,C:\Users\ivan\WORK\workshops\ICDM\Ablation\kkt_anomaly_outputs\results_json\ts__ts_kkt_47_19_core_daily_contam_0.01.json,ts_kkt_day_level,ts_kkt_47_19,core_daily,0.01,ok,,1425172,15491.0,18,,14252.0,1.0,0.034455995978070975,127.1939697265625,C:\Users\ivan\WORK\workshops\ICDM\Ablation\kkt_anomaly_outputs\results_csv\ts__ts_kkt_47_19_core_daily_contam_0.01__ranked_kkt_days.csv,C:\Users\ivan\WORK\workshops\ICDM\Ablation\kkt_anomaly_outputs\results_csv\ts__ts_kkt_47_19_core_daily_contam_0.01__top_kkt_days.csv,C:\Users\ivan\WORK\workshops\ICDM\Ablation\kkt_anomaly_outputs\results_csv\ts__ts_kkt_47_19_core_daily_contam_0.01__device_aggregated_scores.csv,2026-05-17 21:40:26
ts__ts_kkt_47_19_core_daily_contam_0.03.json,C:\Users\ivan\WORK\workshops\ICDM\Ablation\kkt_anomaly_outputs\results_json\ts__ts_kkt_47_19_core_daily_contam_0.03.json,ts_kkt_day_level,ts_kkt_47_19,core_daily,0.03,ok,,1425172,15491.0,18,,42756.0,1.0,0.034455995978070975,126.7080020904541,C:\Users\ivan\WORK\workshops\ICDM\Ablation\kkt_anomaly_outputs\results_csv\ts__ts_kkt_47_19_core_daily_contam_0.03__ranked_kkt_days.csv,C:\Users\ivan\WORK\workshops\ICDM\Ablation\kkt_anomaly_outputs\results_csv\ts__ts_kkt_47_19_core_daily_contam_0.03__top_kkt_days.csv,C:\Users\ivan\WORK\workshops\ICDM\Ablation\kkt_anomaly_outputs\results_csv\ts__ts_kkt_47_19_core_daily_contam_0.03__device_aggregated_scores.csv,2026-05-17 21:42:33
ts__ts_kkt_47_19_core_daily_contam_0.05.json,C:\Users\ivan\WORK\workshops\ICDM\Ablation\kkt_anomaly_outputs\results_json\ts__ts_kkt_47_19_core_daily_contam_0.05.json,ts_kkt_day_level,ts_kkt_47_19,core_daily,0.05,ok,,1425172,15491.0,18,,71259.0,1.0,0.034455995978070975,126.55500173568726,C:\Users\ivan\WORK\workshops\ICDM\Ablation\kkt_anomaly_outputs\results_csv\ts__ts_kkt_47_19_core_daily_contam_0.05__ranked_kkt_days.csv,C:\Users\ivan\WORK\workshops\ICDM\Ablation\kkt_anomaly_outputs\results_csv\ts__ts_kkt_47_19_core_daily_contam_0.05__top_kkt_days.csv,C:\Users\ivan\WORK\workshops\ICDM\Ablation\kkt_anomaly_outputs\results_csv\ts__ts_kkt_47_19_core_daily_contam_0.05__device_aggregated_scores.csv,2026-05-17 21:44:40
ts__ts_kkt_47_19_payment_mix_contam_0.01.json,C:\Users\ivan\WORK\workshops\ICDM\Ablation\kkt_anomaly_outputs\results_json\ts__ts_kkt_47_19_payment_mix_contam_0.01.json,ts_kkt_day_level,ts_kkt_47_19,payment_mix,0.01,ok,,1425172,15491.0,20,,14252.0,1.0,0.12032451446128617,135.7770004272461,C:\Users\ivan\WORK\workshops\ICDM\Ablation\kkt_anomaly_outputs\results_csv\ts__ts_kkt_47_19_payment_mix_contam_0.01__ranked_kkt_days.csv,C:\Users\ivan\WORK\workshops\ICDM\Ablation\kkt_anomaly_outputs\results_csv\ts__ts_kkt_47_19_payment_mix_contam_0.01__top_kkt_days.csv,C:\Users\ivan\WORK\workshops\ICDM\Ablation\kkt_anomaly_outputs\results_csv\ts__ts_kkt_47_19_payment_mix_contam_0.01__device_aggregated_scores.csv,2026-05-17 22:00:15
ts__ts_kkt_47_19_payment_mix_contam_0.03.json,C:\Users\ivan\WORK\workshops\ICDM\Ablation\kkt_anomaly_outputs\results_json\ts__ts_kkt_47_19_payment_mix_contam_0.03.json,ts_kkt_day_level,ts_kkt_47_19,payment_mix,0.03,ok,,1425172,15491.0,20,,42767.0,1.0,0.12032451446128617,136.3159999847412,C:\Users\ivan\WORK\workshops\ICDM\Ablation\kkt_anomaly_outputs\results_csv\ts__ts_kkt_47_19_payment_mix_contam_0.03__ranked_kkt_days.csv,C:\Users\ivan\WORK\workshops\ICDM\Ablation\kkt_anomaly_outputs\results_csv\ts__ts_kkt_47_19_payment_mix_contam_0.03__top_kkt_days.csv,C:\Users\ivan\WORK\workshops\ICDM\Ablation\kkt_anomaly_outputs\results_csv\ts__ts_kkt_47_19_payment_mix_contam_0.03__device_aggregated_scores.csv,2026-05-17 22:02:32
ts__ts_kkt_47_19_payment_mix_contam_0.05.json,C:\Users\ivan\WORK\workshops\ICDM\Ablation\kkt_anomaly_outputs\results_json\ts__ts_kkt_47_19_payment_mix_contam_0.05.json,ts_kkt_day_level,ts_kkt_47_19,payment_mix,0.05,ok,,1425172,15491.0,20,,71259.0,1.0,0.12032451446128617,135.94500470161438,C:\Users\ivan\WORK\workshops\ICDM\Ablation\kkt_anomaly_outputs\results_csv\ts__ts_kkt_47_19_payment_mix_contam_0.05__ranked_kkt_days.csv,C:\Users\ivan\WORK\workshops\ICDM\Ablation\kkt_anomaly_outputs\results_csv\ts__ts_kkt_47_19_payment_mix_contam_0.05__top_kkt_days.csv,C:\Users\ivan\WORK\workshops\ICDM\Ablation\kkt_anomaly_outputs\results_csv\ts__ts_kkt_47_19_payment_mix_contam_0.05__device_aggregated_scores.csv,2026-05-17 22:04:48
ts__ts_kkt_47_19_peer_deviation_contam_0.01.json,C:\Users\ivan\WORK\workshops\ICDM\Ablation\kkt_anomaly_outputs\results_json\ts__ts_kkt_47_19_peer_deviation_contam_0.01.json,ts_kkt_day_level,ts_kkt_47_19,peer_deviation,0.01,ok,,1425172,15491.0,6,,14252.0,1.0,0.05191973561017934,126.05701494216919,C:\Users\ivan\WORK\workshops\ICDM\Ablation\kkt_anomaly_outputs\results_csv\ts__ts_kkt_47_19_peer_deviation_contam_0.01__ranked_kkt_days.csv,C:\Users\ivan\WORK\workshops\ICDM\Ablation\kkt_anomaly_outputs\results_csv\ts__ts_kkt_47_19_peer_deviation_contam_0.01__top_kkt_days.csv,C:\Users\ivan\WORK\workshops\ICDM\Ablation\kkt_anomaly_outputs\results_csv\ts__ts_kkt_47_19_peer_deviation_contam_0.01__device_aggregated_scores.csv,2026-05-17 21:53:45
ts__ts_kkt_47_19_peer_deviation_contam_0.03.json,C:\Users\ivan\WORK\workshops\ICDM\Ablation\kkt_anomaly_outputs\results_json\ts__ts_kkt_47_19_peer_deviation_contam_0.03.json,ts_kkt_day_level,ts_kkt_47_19,peer_deviation,0.03,ok,,1425172,15491.0,6,,42756.0,1.0,0.05191973561017934,127.14499711990356,C:\Users\ivan\WORK\workshops\ICDM\Ablation\kkt_anomaly_outputs\results_csv\ts__ts_kkt_47_19_peer_deviation_contam_0.03__ranked_kkt_days.csv,C:\Users\ivan\WORK\workshops\ICDM\Ablation\kkt_anomaly_outputs\results_csv\ts__ts_kkt_47_19_peer_deviation_contam_0.03__top_kkt_days.csv,C:\Users\ivan\WORK\workshops\ICDM\Ablation\kkt_anomaly_outputs\results_csv\ts__ts_kkt_47_19_peer_deviation_contam_0.03__device_aggregated_scores.csv,2026-05-17 21:55:53
ts__ts_kkt_47_19_peer_deviation_contam_0.05.json,C:\Users\ivan\WORK\workshops\ICDM\Ablation\kkt_anomaly_outputs\results_json\ts__ts_kkt_47_19_peer_deviation_contam_0.05.json,ts_kkt_day_level,ts_kkt_47_19,peer_deviation,0.05,ok,,1425172,15491.0,6,,71259.0,1.0,0.05191973561017934,125.92900276184082,C:\Users\ivan\WORK\workshops\ICDM\Ablation\kkt_anomaly_outputs\results_csv\ts__ts_kkt_47_19_peer_deviation_contam_0.05__ranked_kkt_days.csv,C:\Users\ivan\WORK\workshops\ICDM\Ablation\kkt_anomaly_outputs\results_csv\ts__ts_kkt_47_19_peer_deviation_contam_0.05__top_kkt_days.csv,C:\Users\ivan\WORK\workshops\ICDM\Ablation\kkt_anomaly_outputs\results_csv\ts__ts_kkt_47_19_peer_deviation_contam_0.05__device_aggregated_scores.csv,2026-05-17 21:57:59
ts__ts_kkt_47_19_rolling_deviation_contam_0.01.json,C:\Users\ivan\WORK\workshops\ICDM\Ablation\kkt_anomaly_outputs\results_json\ts__ts_kkt_47_19_rolling_deviation_contam_0.01.json,ts_kkt_day_level,ts_kkt_47_19,rolling_deviation,0.01,ok,,1425172,15491.0,48,,14252.0,1.0,0.05461703658020121,139.47000217437744,C:\Users\ivan\WORK\workshops\ICDM\Ablation\kkt_anomaly_outputs\results_csv\ts__ts_kkt_47_19_rolling_deviation_contam_0.01__ranked_kkt_days.csv,C:\Users\ivan\WORK\workshops\ICDM\Ablation\kkt_anomaly_outputs\results_csv\ts__ts_kkt_47_19_rolling_deviation_contam_0.01__top_kkt_days.csv,C:\Users\ivan\WORK\workshops\ICDM\Ablation\kkt_anomaly_outputs\results_csv\ts__ts_kkt_47_19_rolling_deviation_contam_0.01__device_aggregated_scores.csv,2026-05-17 21:47:00
ts__ts_kkt_47_19_rolling_deviation_contam_0.03.json,C:\Users\ivan\WORK\workshops\ICDM\Ablation\kkt_anomaly_outputs\results_json\ts__ts_kkt_47_19_rolling_deviation_contam_0.03.json,ts_kkt_day_level,ts_kkt_47_19,rolling_deviation,0.03,ok,,1425172,15491.0,48,,42756.0,1.0,0.05461703658020121,139.80499792099,C:\Users\ivan\WORK\workshops\ICDM\Ablation\kkt_anomaly_outputs\results_csv\ts__ts_kkt_47_19_rolling_deviation_contam_0.03__ranked_kkt_days.csv,C:\Users\ivan\WORK\workshops\ICDM\Ablation\kkt_anomaly_outputs\results_csv\ts__ts_kkt_47_19_rolling_deviation_contam_0.03__top_kkt_days.csv,C:\Users\ivan\WORK\workshops\ICDM\Ablation\kkt_anomaly_outputs\results_csv\ts__ts_kkt_47_19_rolling_deviation_contam_0.03__device_aggregated_scores.csv,2026-05-17 21:49:20
ts__ts_kkt_47_19_rolling_deviation_contam_0.05.json,C:\Users\ivan\WORK\workshops\ICDM\Ablation\kkt_anomaly_outputs\results_json\ts__ts_kkt_47_19_rolling_deviation_contam_0.05.json,ts_kkt_day_level,ts_kkt_47_19,rolling_deviation,0.05,ok,,1425172,15491.0,48,,71259.0,1.0,0.05461703658020121,138.55100178718567,C:\Users\ivan\WORK\workshops\ICDM\Ablation\kkt_anomaly_outputs\results_csv\ts__ts_kkt_47_19_rolling_deviation_contam_0.05__ranked_kkt_days.csv,C:\Users\ivan\WORK\workshops\ICDM\Ablation\kkt_anomaly_outputs\results_csv\ts__ts_kkt_47_19_rolling_deviation_contam_0.05__top_kkt_days.csv,C:\Users\ivan\WORK\workshops\ICDM\Ablation\kkt_anomaly_outputs\results_csv\ts__ts_kkt_47_19_rolling_deviation_contam_0.05__device_aggregated_scores.csv,2026-05-17 21:51:39
ts__ts_kkt_47_19_turnover_contam_0.01.json,C:\Users\ivan\WORK\workshops\ICDM\Ablation\kkt_anomaly_outputs\results_json\ts__ts_kkt_47_19_turnover_contam_0.01.json,ts_kkt_day_level,ts_kkt_47_19,turnover,0.01,ok,,1425172,15491.0,42,,14252.0,1.0,0.2098103440632694,144.00899600982666,C:\Users\ivan\WORK\workshops\ICDM\Ablation\kkt_anomaly_outputs\results_csv\ts__ts_kkt_47_19_turnover_contam_0.01__ranked_kkt_days.csv,C:\Users\ivan\WORK\workshops\ICDM\Ablation\kkt_anomaly_outputs\results_csv\ts__ts_kkt_47_19_turnover_contam_0.01__top_kkt_days.csv,C:\Users\ivan\WORK\workshops\ICDM\Ablation\kkt_anomaly_outputs\results_csv\ts__ts_kkt_47_19_turnover_contam_0.01__device_aggregated_scores.csv,2026-05-17 22:07:13
ts__ts_kkt_47_19_turnover_contam_0.03.json,C:\Users\ivan\WORK\workshops\ICDM\Ablation\kkt_anomaly_outputs\results_json\ts__ts_kkt_47_19_turnover_contam_0.03.json,ts_kkt_day_level,ts_kkt_47_19,turnover,0.03,ok,,1425172,15491.0,42,,42756.0,1.0,0.2098103440632694,141.80800127983093,C:\Users\ivan\WORK\workshops\ICDM\Ablation\kkt_anomaly_outputs\results_csv\ts__ts_kkt_47_19_turnover_contam_0.03__ranked_kkt_days.csv,C:\Users\ivan\WORK\workshops\ICDM\Ablation\kkt_anomaly_outputs\results_csv\ts__ts_kkt_47_19_turnover_contam_0.03__top_kkt_days.csv,C:\Users\ivan\WORK\workshops\ICDM\Ablation\kkt_anomaly_outputs\results_csv\ts__ts_kkt_47_19_turnover_contam_0.03__device_aggregated_scores.csv,2026-05-17 22:09:35
ts__ts_kkt_47_19_turnover_contam_0.05.json,C:\Users\ivan\WORK\workshops\ICDM\Ablation\kkt_anomaly_outputs\results_json\ts__ts_kkt_47_19_turnover_contam_0.05.json,ts_kkt_day_level,ts_kkt_47_19,turnover,0.05,ok,,1425172,15491.0,42,,71259.0,1.0,0.2098103440632694,141.90800070762634,C:\Users\ivan\WORK\workshops\ICDM\Ablation\kkt_anomaly_outputs\results_csv\ts__ts_kkt_47_19_turnover_contam_0.05__ranked_kkt_days.csv,C:\Users\ivan\WORK\workshops\ICDM\Ablation\kkt_anomaly_outputs\results_csv\ts__ts_kkt_47_19_turnover_contam_0.05__top_kkt_days.csv,C:\Users\ivan\WORK\workshops\ICDM\Ablation\kkt_anomaly_outputs\results_csv\ts__ts_kkt_47_19_turnover_contam_0.05__device_aggregated_scores.csv,2026-05-17 22:11:57
